期号,开奖号码
4001,928
4002,173
4003,183
4004,432
4005,541
4006,262
4007,307
4008,226
4009,418
4010,274
4011,364
4012,305
4013,032
4014,359
4015,598
4016,445
4017,193
4018,129
4019,711
4020,109
4021,393
4022,591
4023,871
4024,886
4025,618
4026,621
4027,363
4028,075
4029,256
4030,120
4031,362
4032,378
4033,505
4034,995
4035,374
4036,009
4037,325
4038,425
4039,802
4040,566
4041,814
4042,780
4043,704
4044,382
5001,054
5002,366
5003,431
5004,674
5005,299
5006,420
5007,435
5008,281
5009,869
5010,416
5011,204
5012,196
5013,613
5014,085
5015,367
5016,665
5017,157
5018,055
5019,574
5020,922
5021,001
5022,938
5023,080
5024,312
5025,755
5026,277
5027,014
5028,862
5029,628
5030,459
5031,504
5032,361
5033,590
5034,186
5035,830
5036,942
5037,708
5038,319
5039,028
5040,047
5041,133
5042,234
5043,845
5044,955
5045,400
5046,545
5047,429
5048,761
5049,790
5050,104
5051,247
5052,306
5053,175
5054,519
5055,014
5056,600
5057,813
5058,353
5059,983
5060,960
5061,912
5062,796
5063,181
5064,969
5065,895
5066,626
5067,169
5068,903
5069,743
5070,984
5071,917
5072,256
5073,232
5074,006
5075,700
5076,418
5077,648
5078,842
5079,959
5080,495
5081,250
5082,216
5083,702
5084,277
5085,942
5086,635
5087,155
5088,144
5089,091
5090,065
5091,102
5092,299
5093,861
5094,112
5095,061
5096,935
5097,085
5098,670
5099,695
5100,127
5101,320
5102,431
5103,873
5104,681
5105,363
5106,540
5107,838
5108,384
5109,610
5110,417
5111,061
5112,298
5113,005
5114,892
5115,626
5116,569
5117,992
5118,593
5119,111
5120,162
5121,729
5122,542
5123,974
5124,219
5125,508
5126,534
5127,445
5128,162
5129,707
5130,546
5131,663
5132,836
5133,759
5134,704
5135,745
5136,928
5137,253
5138,014
5139,462
5140,894
5141,168
5142,306
5143,207
5144,574
5145,057
5146,109
5147,121
5148,979
5149,899
5150,524
5151,990
5152,927
5153,866
5154,776
5155,024
5156,119
5157,598
5158,876
5159,107
5160,726
5161,221
5162,967
5163,645
5164,001
5165,398
5166,736
5167,711
5168,907
5169,263
5170,195
5171,165
5172,997
5173,207
5174,876
5175,933
5176,937
5177,705
5178,004
5179,043
5180,395
5181,402
5182,469
5183,173
5184,884
5185,439
5186,202
5187,913
5188,629
5189,403
5190,426
5191,506
5192,624
5193,999
5194,494
5195,526
5196,005
5197,788
5198,749
5199,794
5200,998
5201,045
5202,330
5203,819
5204,506
5205,875
5206,958
5207,867
5208,540
5209,316
5210,543
5211,534
5212,780
5213,962
5214,169
5215,236
5216,856
5217,555
5218,724
5219,216
5220,802
5221,870
5222,895
5223,539
5224,567
5225,309
5226,293
5227,264
5228,725
5229,813
5230,784
5231,077
5232,749
5233,934
5234,122
5235,856
5236,537
5237,600
5238,463
5239,346
5240,517
5241,832
5242,289
5243,949
5244,894
5245,827
5246,597
5247,310
5248,481
5249,521
5250,037
5251,818
5252,085
5253,442
5254,302
5255,959
5256,539
5257,026
5258,976
5259,971
5260,489
5261,614
5262,240
5263,846
5264,807
5265,696
5266,107
5267,584
5268,855
5269,327
5270,909
5271,566
5272,981
5273,726
5274,526
5275,470
5276,862
5277,075
5278,692
5279,254
5280,899
5281,576
5282,549
5283,184
5284,380
5285,654
5286,853
5287,787
5288,487
5289,304
5290,803
5291,371
5292,436
5293,040
5294,820
5295,893
5296,716
5297,319
5298,608
5299,756
5300,966
5301,635
5302,747
5303,576
5304,863
5305,578
5306,390
5307,968
5308,129
5309,524
5310,015
5311,450
5312,756
5313,728
5314,860
5315,670
5316,741
5317,846
5318,069
5319,824
5320,084
5321,805
5322,274
5323,339
5324,578
5325,472
5326,508
5327,735
5328,463
5329,117
5330,149
5331,790
5332,187
5333,341
5334,672
5335,781
5336,693
5337,461
5338,236
5339,440
5340,678
5341,302
5342,385
5343,876
5344,949
5345,786
5346,292
5347,172
5348,323
5349,492
5350,237
5351,239
5352,562
5353,095
5354,014
5355,012
5356,439
5357,415
5358,397
6001,184
6002,299
6003,012
6004,940
6005,185
6006,598
6007,561
6008,489
6009,803
6010,538
6011,755
6012,652
6013,777
6014,678
6015,446
6016,519
6017,925
6018,916
6019,199
6020,710
6021,438
6022,164
6023,215
6024,163
6025,707
6026,998
6027,404
6028,547
6029,706
6030,086
6031,675
6032,699
6033,549
6034,465
6035,647
6036,154
6037,236
6038,374
6039,587
6040,876
6041,853
6042,028
6043,445
6044,026
6045,187
6046,568
6047,694
6048,564
6049,489
6050,874
6051,873
6052,501
6053,698
6054,909
6055,140
6056,898
6057,791
6058,600
6059,990
6060,062
6061,224
6062,761
6063,458
6064,983
6065,921
6066,967
6067,149
6068,003
6069,082
6070,415
6071,202
6072,420
6073,203
6074,292
6075,844
6076,224
6077,201
6078,286
6079,714
6080,544
6081,434
6082,671
6083,972
6084,276
6085,495
6086,162
6087,947
6088,642
6089,492
6090,877
6091,533
6092,444
6093,824
6094,010
6095,304
6096,275
6097,938
6098,660
6099,826
6100,451
6101,430
6102,260
6103,223
6104,616
6105,519
6106,533
6107,190
6108,696
6109,308
6110,437
6111,218
6112,499
6113,601
6114,997
6115,259
6116,332
6117,999
6118,890
6119,900
6120,332
6121,575
6122,520
6123,249
6124,261
6125,315
6126,238
6127,103
6128,640
6129,929
6130,808
6131,165
6132,093
6133,989
6134,073
6135,745
6136,391
6137,733
6138,087
6139,172
6140,830
6141,974
6142,266
6143,104
6144,151
6145,588
6146,834
6147,733
6148,760
6149,019
6150,049
6151,181
6152,814
6153,950
6154,948
6155,759
6156,678
6157,038
6158,623
6159,539
6160,986
6161,976
6162,242
6163,994
6164,534
6165,397
6166,373
6167,964
6168,211
6169,794
6170,305
6171,246
6172,687
6173,019
6174,454
6175,001
6176,772
6177,945
6178,465
6179,499
6180,593
6181,959
6182,217
6183,465
6184,340
6185,700
6186,469
6187,713
6188,995
6189,334
6190,419
6191,293
6192,300
6193,748
6194,116
6195,918
6196,848
6197,949
6198,165
6199,029
6200,928
6201,724
6202,891
6203,451
6204,872
6205,481
6206,471
6207,937
6208,368
6209,562
6210,257
6211,552
6212,934
6213,421
6214,340
6215,527
6216,836
6217,353
6218,721
6219,554
6220,546
6221,751
6222,255
6223,760
6224,708
6225,893
6226,608
6227,633
6228,612
6229,266
6230,267
6231,068
6232,162
6233,714
6234,457
6235,732
6236,169
6237,793
6238,166
6239,536
6240,228
6241,432
6242,789
6243,498
6244,222
6245,080
6246,989
6247,528
6248,895
6249,166
6250,959
6251,656
6252,115
6253,978
6254,293
6255,479
6256,998
6257,508
6258,860
6259,628
6260,659
6261,735
6262,917
6263,886
6264,656
6265,228
6266,272
6267,265
6268,638
6269,010
6270,317
6271,944
6272,517
6273,373
6274,908
6275,772
6276,110
6277,907
6278,216
6279,951
6280,808
6281,263
6282,433
6283,023
6284,279
6285,857
6286,564
6287,447
6288,145
6289,781
6290,208
6291,439
6292,338
6293,060
6294,437
6295,331
6296,609
6297,600
6298,972
6299,956
6300,214
6301,199
6302,635
6303,772
6304,991
6305,259
6306,661
6307,278
6308,871
6309,834
6310,999
6311,305
6312,310
6313,830
6314,724
6315,041
6316,133
6317,845
6318,619
6319,655
6320,349
6321,468
6322,664
6323,736
6324,815
6325,143
6326,977
6327,375
6328,169
6329,896
6330,774
6331,090
6332,020
6333,767
6334,893
6335,659
6336,456
6337,126
6338,940
6339,063
6340,531
6341,664
6342,746
6343,183
6344,712
6345,030
6346,566
6347,184
6348,114
6349,735
6350,698
6351,117
6352,691
6353,513
6354,334
6355,914
6356,678
6357,584
7001,038
7002,060
7003,839
7004,163
7005,091
7006,835
7007,541
7008,416
7009,292
7010,453
7011,261
7012,405
7013,252
7014,047
7015,977
7016,878
7017,485
7018,204
7019,219
7020,151
7021,757
7022,896
7023,716
7024,955
7025,319
7026,260
7027,349
7028,119
7029,399
7030,281
7031,704
7032,961
7033,875
7034,494
7035,764
7036,032
7037,507
7038,203
7039,025
7040,948
7041,335
7042,199
7043,947
7044,988
7045,000
7046,564
7047,377
7048,572
7049,760
7050,163
7051,265
7052,733
7053,802
7054,847
7055,017
7056,278
7057,955
7058,887
7059,528
7060,368
7061,787
7062,327
7063,365
7064,330
7065,268
7066,683
7067,499
7068,103
7069,531
7070,441
7071,984
7072,010
7073,564
7074,906
7075,515
7076,316
7077,761
7078,737
7079,195
7080,856
7081,491
7082,044
7083,903
7084,020
7085,878
7086,028
7087,738
7088,894
7089,577
7090,624
7091,170
7092,417
7093,971
7094,051
7095,937
7096,967
7097,532
7098,679
7099,405
7100,941
7101,349
7102,485
7103,441
7104,754
7105,999
7106,845
7107,691
7108,497
7109,395
7110,786
7111,762
7112,734
7113,183
7114,786
7115,167
7116,272
7117,378
7118,971
7119,967
7120,534
7121,006
7122,520
7123,525
7124,779
7125,163
7126,075
7127,909
7128,699
7129,945
7130,111
7131,575
7132,684
7133,839
7134,097
7135,595
7136,858
7137,964
7138,047
7139,328
7140,036
7141,884
7142,669
7143,139
7144,912
7145,060
7146,910
7147,976
7148,246
7149,378
7150,873
7151,676
7152,951
7153,181
7154,851
7155,682
7156,775
7157,000
7158,891
7159,539
7160,878
7161,567
7162,554
7163,658
7164,738
7165,946
7166,795
7167,800
7168,064
7169,338
7170,200
7171,890
7172,517
7173,981
7174,384
7175,446
7176,174
7177,726
7178,491
7179,825
7180,680
7181,849
7182,604
7183,903
7184,574
7185,581
7186,000
7187,867
7188,589
7189,184
7190,616
7191,959
7192,106
7193,951
7194,141
7195,566
7196,565
7197,713
7198,282
7199,449
7200,766
7201,085
7202,868
7203,131
7204,981
7205,533
7206,518
7207,923
7208,643
7209,389
7210,061
7211,188
7212,244
7213,899
7214,944
7215,884
7216,176
7217,503
7218,397
7219,569
7220,479
7221,211
7222,712
7223,427
7224,436
7225,801
7226,259
7227,201
7228,291
7229,022
7230,947
7231,139
7232,833
7233,832
7234,638
7235,893
7236,689
7237,438
7238,078
7239,846
7240,461
7241,532
7242,820
7243,719
7244,333
7245,946
7246,252
7247,854
7248,251
7249,051
7250,028
7251,602
7252,029
7253,533
7254,630
7255,488
7256,221
7257,144
7258,543
7259,154
7260,979
7261,912
7262,049
7263,231
7264,796
7265,232
7266,806
7267,598
7268,639
7269,833
7270,852
7271,295
7272,792
7273,854
7274,435
7275,361
7276,494
7277,254
7278,563
7279,896
7280,864
7281,403
7282,904
7283,210
7284,759
7285,407
7286,619
7287,374
7288,927
7289,794
7290,453
7291,441
7292,569
7293,474
7294,563
7295,311
7296,945
7297,971
7298,268
7299,494
7300,357
7301,824
7302,491
7303,980
7304,402
7305,798
7306,053
7307,610
7308,087
7309,884
7310,759
7311,347
7312,053
7313,633
7314,174
7315,201
7316,607
7317,787
7318,091
7319,053
7320,794
7321,858
7322,883
7323,694
7324,051
7325,819
7326,566
7327,438
7328,940
7329,273
7330,015
7331,153
7332,664
7333,914
7334,773
7335,523
7336,774
7337,276
7338,585
7339,048
7340,416
7341,032
7342,068
7343,492
7344,757
7345,596
7346,080
7347,310
7348,418
7349,477
7350,164
7351,028
7352,147
7353,005
7354,065
7355,634
7356,215
7357,317
8001,659
8002,870
8003,838
8004,359
8005,314
8006,282
8007,089
8008,803
8009,081
8010,284
8011,506
8012,630
8013,004
8014,163
8015,475
8016,789
8017,065
8018,155
8019,649
8020,786
8021,119
8022,654
8023,088
8024,012
8025,630
8026,806
8027,026
8028,990
8029,320
8030,314
8031,535
8032,827
8033,520
8034,835
8035,913
8036,541
8037,806
8038,653
8039,458
8040,804
8041,661
8042,612
8043,111
8044,121
8045,666
8046,805
8047,227
8048,805
8049,523
8050,332
8051,239
8052,280
8053,507
8054,932
8055,400
8056,671
8057,320
8058,677
8059,457
8060,636
8061,438
8062,413
8063,830
8064,648
8065,366
8066,195
8067,921
8068,542
8069,608
8070,738
8071,346
8072,502
8073,824
8074,381
8075,597
8076,826
8077,674
8078,619
8079,737
8080,853
8081,798
8082,467
8083,909
8084,397
8085,010
8086,391
8087,726
8088,456
8089,054
8090,318
8091,640
8092,983
8093,688
8094,599
8095,063
8096,470
8097,921
8098,567
8099,952
8100,757
8101,236
8102,511
8103,262
8104,115
8105,525
8106,090
8107,350
8108,562
8109,518
8110,393
8111,891
8112,476
8113,112
8114,246
8115,888
8116,695
8117,999
8118,177
8119,874
8120,754
8121,118
8122,313
8123,834
8124,109
8125,288
8126,294
8127,861
8128,495
8129,860
8130,808
8131,643
8132,254
8133,286
8134,542
8135,964
8136,467
8137,062
8138,841
8139,759
8140,414
8141,516
8142,672
8143,858
8144,186
8145,024
8146,142
8147,897
8148,294
8149,916
8150,584
8151,673
8152,824
8153,666
8154,910
8155,357
8156,072
8157,749
8158,805
8159,604
8160,749
8161,767
8162,674
8163,307
8164,182
8165,230
8166,880
8167,462
8168,634
8169,997
8170,442
8171,732
8172,382
8173,615
8174,887
8175,516
8176,542
8177,104
8178,344
8179,122
8180,411
8181,393
8182,082
8183,369
8184,840
8185,064
8186,876
8187,905
8188,595
8189,085
8190,862
8191,134
8192,867
8193,608
8194,312
8195,282
8196,861
8197,357
8198,068
8199,481
8200,204
8201,743
8202,198
8203,799
8204,676
8205,056
8206,480
8207,060
8208,356
8209,619
8210,003
8211,194
8212,894
8213,860
8214,144
8215,735
8216,938
8217,054
8218,161
8219,492
8220,484
8221,398
8222,108
8223,996
8224,632
8225,354
8226,982
8227,587
8228,759
8229,194
8230,632
8231,635
8232,840
8233,026
8234,800
8235,372
8236,796
8237,114
8238,259
8239,443
8240,300
8241,569
8242,384
8243,939
8244,213
8245,770
8246,716
8247,360
8248,251
8249,157
8250,180
8251,596
8252,518
8253,205
8254,430
8255,478
8256,925
8257,757
8258,826
8259,585
8260,276
8261,010
8262,589
8263,040
8264,533
8265,728
8266,937
8267,851
8268,595
8269,119
8270,044
8271,350
8272,939
8273,077
8274,027
8275,122
8276,027
8277,621
8278,793
8279,894
8280,659
8281,212
8282,150
8283,806
8284,854
8285,343
8286,519
8287,671
8288,432
8289,141
8290,336
8291,497
8292,845
8293,099
8294,097
8295,944
8296,766
8297,941
8298,726
8299,078
8300,688
8301,020
8302,907
8303,393
8304,976
8305,010
8306,489
8307,453
8308,746
8309,250
8310,793
8311,071
8312,636
8313,971
8314,447
8315,887
8316,845
8317,381
8318,803
8319,881
8320,743
8321,991
8322,235
8323,461
8324,549
8325,087
8326,807
8327,553
8328,205
8329,422
8330,178
8331,376
8332,900
8333,885
8334,078
8335,628
8336,298
8337,017
8338,999
8339,452
8340,568
8341,351
8342,001
8343,614
8344,070
8345,923
8346,559
8347,790
8348,413
8349,083
8350,559
8351,163
8352,575
8353,375
8354,474
8355,487
8356,715
8357,283
8358,694
8359,210
9001,325
9002,614
9003,488
9004,502
9005,521
9006,659
9007,341
9008,243
9009,669
9010,862
9011,656
9012,961
9013,551
9014,299
9015,271
9016,977
9017,355
9018,886
9019,830
9020,461
9021,700
9022,914
9023,662
9024,518
9025,278
9026,669
9027,585
9028,335
9029,470
9030,103
9031,543
9032,981
9033,472
9034,235
9035,814
9036,032
9037,904
9038,635
9039,845
9040,736
9041,679
9042,313
9043,626
9044,733
9045,774
9046,802
9047,713
9048,136
9049,373
9050,698
9051,108
9052,926
9053,622
9054,549
9055,045
9056,797
9057,381
9058,437
9059,210
9060,411
9061,804
9062,675
9063,159
9064,466
9065,455
9066,471
9067,690
9068,415
9069,320
9070,843
9071,502
9072,479
9073,547
9074,161
9075,528
9076,376
9077,856
9078,493
9079,328
9080,799
9081,283
9082,038
9083,509
9084,578
9085,198
9086,806
9087,500
9088,809
9089,784
9090,214
9091,612
9092,920
9093,880
9094,799
9095,301
9096,351
9097,591
9098,867
9099,762
9100,335
9101,370
9102,892
9103,393
9104,473
9105,956
9106,203
9107,046
9108,408
9109,240
9110,944
9111,672
9112,422
9113,174
9114,301
9115,792
9116,330
9117,198
9118,763
9119,961
9120,107
9121,880
9122,355
9123,079
9124,945
9125,631
9126,306
9127,998
9128,515
9129,717
9130,062
9131,757
9132,990
9133,750
9134,440
9135,205
9136,785
9137,317
9138,633
9139,429
9140,281
9141,606
9142,147
9143,616
9144,973
9145,180
9146,183
9147,741
9148,341
9149,623
9150,004
9151,496
9152,638
9153,698
9154,325
9155,206
9156,906
9157,060
9158,148
9159,380
9160,622
9161,186
9162,674
9163,120
9164,552
9165,168
9166,932
9167,526
9168,108
9169,375
9170,545
9171,814
9172,940
9173,818
9174,685
9175,200
9176,512
9177,220
9178,993
9179,634
9180,906
9181,069
9182,898
9183,759
9184,905
9185,906
9186,767
9187,628
9188,853
9189,574
9190,451
9191,320
9192,937
9193,427
9194,561
9195,147
9196,439
9197,941
9198,351
9199,372
9200,711
9201,015
9202,204
9203,306
9204,129
9205,583
9206,360
9207,550
9208,256
9209,376
9210,013
9211,415
9212,482
9213,641
9214,502
9215,873
9216,183
9217,990
9218,848
9219,534
9220,416
9221,822
9222,557
9223,202
9224,967
9225,447
9226,468
9227,087
9228,608
9229,913
9230,323
9231,947
9232,548
9233,738
9234,734
9235,708
9236,451
9237,489
9238,362
9239,765
9240,378
9241,982
9242,884
9243,903
9244,647
9245,153
9246,220
9247,159
9248,204
9249,894
9250,362
9251,419
9252,990
9253,098
9254,319
9255,316
9256,877
9257,905
9258,206
9259,544
9260,861
9261,808
9262,521
9263,050
9264,332
9265,779
9266,089
9267,545
9268,073
9269,642
9270,475
9271,698
9272,631
9273,329
9274,072
9275,732
9276,521
9277,176
9278,089
9279,631
9280,404
9281,819
9282,241
9283,562
9284,488
9285,363
9286,184
9287,971
9288,201
9289,739
9290,139
9291,830
9292,966
9293,906
9294,278
9295,800
9296,646
9297,230
9298,566
9299,535
9300,754
9301,224
9302,617
9303,739
9304,526
9305,487
9306,547
9307,394
9308,108
9309,595
9310,477
9311,199
9312,332
9313,931
9314,880
9315,059
9316,489
9317,294
9318,827
9319,531
9320,686
9321,598
9322,226
9323,121
9324,278
9325,455
9326,600
9327,785
9328,417
9329,524
9330,674
9331,945
9332,051
9333,592
9334,480
9335,407
9336,832
9337,986
9338,970
9339,520
9340,680
9341,939
9342,782
9343,837
9344,531
9345,375
9346,151
9347,203
9348,827
9349,307
9350,335
9351,159
9352,622
9353,667
9354,075
9355,442
9356,784
9357,255
9358,823
10001,327
10002,981
10003,915
10004,232
10005,387
10006,527
10007,425
10008,645
10009,037
10010,929
10011,420
10012,080
10013,937
10014,394
10015,956
10016,108
10017,383
10018,436
10019,184
10020,170
10021,084
10022,570
10023,451
10024,837
10025,746
10026,685
10027,500
10028,894
10029,550
10030,802
10031,015
10032,093
10033,668
10034,569
10035,349
10036,568
10037,778
10038,596
10039,511
10040,401
10041,236
10042,601
10043,408
10044,415
10045,368
10046,961
10047,400
10048,121
10049,259
10050,735
10051,734
10052,204
10053,548
10054,796
10055,230
10056,534
10057,374
10058,411
10059,627
10060,570
10061,609
10062,146
10063,844
10064,268
10065,208
10066,360
10067,588
10068,597
10069,851
10070,669
10071,578
10072,970
10073,555
10074,349
10075,854
10076,271
10077,992
10078,049
10079,957
10080,264
10081,598
10082,508
10083,468
10084,922
10085,296
10086,968
10087,814
10088,608
10089,241
10090,590
10091,070
10092,305
10093,974
10094,958
10095,470
10096,059
10097,146
10098,936
10099,168
10100,718
10101,143
10102,888
10103,812
10104,244
10105,284
10106,697
10107,053
10108,130
10109,776
10110,813
10111,871
10112,377
10113,342
10114,130
10115,221
10116,503
10117,565
10118,968
10119,332
10120,219
10121,829
10122,832
10123,261
10124,473
10125,488
10126,483
10127,277
10128,913
10129,101
10130,395
10131,336
10132,545
10133,343
10134,358
10135,409
10136,926
10137,776
10138,728
10139,045
10140,634
10141,831
10142,261
10143,370
10144,866
10145,934
10146,814
10147,006
10148,278
10149,964
10150,101
10151,309
10152,997
10153,006
10154,069
10155,331
10156,138
10157,708
10158,480
10159,644
10160,878
10161,637
10162,013
10163,134
10164,684
10165,842
10166,786
10167,094
10168,677
10169,844
10170,739
10171,808
10172,239
10173,406
10174,841
10175,569
10176,770
10177,194
10178,356
10179,519
10180,088
10181,806
10182,947
10183,337
10184,820
10185,135
10186,284
10187,415
10188,681
10189,918
10190,757
10191,353
10192,613
10193,111
10194,148
10195,804
10196,052
10197,778
10198,466
10199,988
10200,206
10201,180
10202,053
10203,106
10204,036
10205,047
10206,353
10207,828
10208,467
10209,081
10210,809
10211,932
10212,785
10213,391
10214,124
10215,667
10216,824
10217,893
10218,245
10219,685
10220,295
10221,683
10222,140
10223,574
10224,674
10225,997
10226,504
10227,239
10228,947
10229,676
10230,854
10231,066
10232,195
10233,534
10234,379
10235,300
10236,173
10237,903
10238,687
10239,414
10240,331
10241,251
10242,095
10243,488
10244,482
10245,484
10246,530
10247,885
10248,204
10249,695
10250,082
10251,698
10252,299
10253,675
10254,358
10255,971
10256,179
10257,969
10258,958
10259,243
10260,881
10261,333
10262,185
10263,425
10264,445
10265,846
10266,235
10267,703
10268,593
10269,163
10270,117
10271,521
10272,670
10273,772
10274,411
10275,680
10276,280
10277,623
10278,188
10279,685
10280,152
10281,273
10282,538
10283,047
10284,210
10285,747
10286,960
10287,167
10288,460
10289,134
10290,399
10291,150
10292,122
10293,129
10294,040
10295,238
10296,448
10297,520
10298,786
10299,225
10300,596
10301,356
10302,091
10303,070
10304,332
10305,937
10306,405
10307,219
10308,232
10309,026
10310,387
10311,598
10312,138
10313,878
10314,675
10315,055
10316,329
10317,182
10318,454
10319,733
10320,283
10321,027
10322,840
10323,474
10324,127
10325,846
10326,159
10327,376
10328,853
10329,366
10330,681
10331,443
10332,424
10333,867
10334,354
10335,655
10336,878
10337,895
10338,754
10339,599
10340,094
10341,943
10342,376
10343,168
10344,332
10345,741
10346,383
10347,322
10348,484
10349,670
10350,890
10351,572
10352,112
10353,169
10354,167
10355,545
10356,868
10357,171
10358,311
11001,928
11002,676
11003,933
11004,550
11005,491
11006,359
11007,884
11008,534
11009,156
11010,917
11011,502
11012,687
11013,187
11014,810
11015,717
11016,816
11017,184
11018,903
11019,328
11020,578
11021,578
11022,008
11023,741
11024,487
11025,352
11026,797
11027,212
11028,134
11029,365
11030,493
11031,864
11032,349
11033,062
11034,489
11035,744
11036,163
11037,705
11038,016
11039,260
11040,117
11041,449
11042,337
11043,286
11044,416
11045,579
11046,909
11047,367
11048,621
11049,459
11050,067
11051,684
11052,509
11053,835
11054,760
11055,835
11056,609
11057,366
11058,664
11059,398
11060,144
11061,416
11062,628
11063,141
11064,690
11065,721
11066,079
11067,413
11068,500
11069,285
11070,892
11071,071
11072,799
11073,063
11074,784
11075,953
11076,667
11077,787
11078,544
11079,823
11080,943
11081,748
11082,171
11083,835
11084,252
11085,995
11086,941
11087,092
11088,670
11089,124
11090,087
11091,222
11092,749
11093,500
11094,159
11095,844
11096,097
11097,679
11098,187
11099,829
11100,232
11101,275
11102,909
11103,472
11104,589
11105,700
11106,650
11107,924
11108,330
11109,222
11110,351
11111,252
11112,098
11113,733
11114,398
11115,375
11116,740
11117,704
11118,075
11119,295
11120,983
11121,649
11122,033
11123,535
11124,774
11125,327
11126,299
11127,543
11128,733
11129,420
11130,059
11131,233
11132,652
11133,487
11134,419
11135,437
11136,396
11137,243
11138,907
11139,538
11140,807
11141,639
11142,889
11143,052
11144,124
11145,107
11146,379
11147,887
11148,589
11149,884
11150,865
11151,985
11152,974
11153,629
11154,765
11155,652
11156,241
11157,419
11158,104
11159,896
11160,713
11161,815
11162,239
11163,378
11164,689
11165,578
11166,826
11167,462
11168,297
11169,520
11170,353
11171,991
11172,266
11173,917
11174,310
11175,909
11176,572
11177,843
11178,190
11179,123
11180,553
11181,599
11182,262
11183,793
11184,039
11185,457
11186,775
11187,812
11188,768
11189,003
11190,125
11191,419
11192,812
11193,700
11194,889
11195,861
11196,708
11197,318
11198,668
11199,004
11200,769
11201,679
11202,633
11203,583
11204,587
11205,675
11206,852
11207,648
11208,615
11209,281
11210,976
11211,326
11212,331
11213,806
11214,254
11215,797
11216,506
11217,607
11218,905
11219,547
11220,604
11221,369
11222,435
11223,677
11224,478
11225,886
11226,632
11227,821
11228,324
11229,105
11230,874
11231,853
11232,923
11233,561
11234,093
11235,304
11236,737
11237,372
11238,013
11239,882
11240,086
11241,648
11242,967
11243,721
11244,962
11245,310
11246,014
11247,430
11248,442
11249,756
11250,343
11251,431
11252,432
11253,610
11254,853
11255,546
11256,985
11257,161
11258,370
11259,867
11260,653
11261,587
11262,925
11263,503
11264,379
11265,498
11266,498
11267,786
11268,378
11269,876
11270,155
11271,014
11272,946
11273,832
11274,359
11275,059
11276,880
11277,324
11278,951
11279,382
11280,875
11281,214
11282,893
11283,905
11284,205
11285,264
11286,231
11287,672
11288,629
11289,504
11290,604
11291,093
11292,393
11293,256
11294,959
11295,329
11296,833
11297,458
11298,099
11299,006
11300,822
11301,641
11302,496
11303,107
11304,322
11305,116
11306,626
11307,990
11308,669
11309,773
11310,825
11311,094
11312,365
11313,466
11314,783
11315,374
11316,538
11317,492
11318,413
11319,356
11320,870
11321,365
11322,368
11323,472
11324,156
11325,039
11326,092
11327,465
11328,811
11329,648
11330,888
11331,943
11332,897
11333,352
11334,803
11335,436
11336,747
11337,387
11338,888
11339,514
11340,973
11341,874
11342,204
11343,961
11344,360
11345,296
11346,494
11347,290
11348,227
11349,000
11350,927
11351,300
11352,142
11353,068
11354,301
11355,518
11356,470
11357,239
11358,725
12001,003
12002,409
12003,181
12004,989
12005,609
12006,364
12007,682
12008,824
12009,316
12010,039
12011,914
12012,413
12013,349
12014,085
12015,234
12016,765
12017,515
12018,465
12019,855
12020,019
12021,138
12022,644
12023,741
12024,334
12025,997
12026,833
12027,006
12028,689
12029,779
12030,665
12031,988
12032,503
12033,127
12034,741
12035,274
12036,034
12037,443
12038,528
12039,855
12040,818
12041,341
12042,841
12043,352
12044,683
12045,421
12046,373
12047,496
12048,833
12049,044
12050,778
12051,467
12052,841
12053,535
12054,057
12055,066
12056,143
12057,691
12058,259
12059,346
12060,424
12061,713
12062,350
12063,773
12064,831
12065,363
12066,084
12067,422
12068,925
12069,721
12070,300
12071,613
12072,998
12073,464
12074,276
12075,989
12076,078
12077,412
12078,660
12079,010
12080,772
12081,399
12082,990
12083,688
12084,238
12085,478
12086,716
12087,684
12088,535
12089,221
12090,682
12091,835
12092,739
12093,671
12094,608
12095,956
12096,749
12097,682
12098,611
12099,105
12100,489
12101,377
12102,955
12103,273
12104,388
12105,542
12106,682
12107,269
12108,399
12109,241
12110,704
12111,461
12112,750
12113,432
12114,079
12115,029
12116,471
12117,042
12118,804
12119,836
12120,469
12121,670
12122,474
12123,622
12124,901
12125,678
12126,281
12127,205
12128,178
12129,921
12130,211
12131,586
12132,626
12133,638
12134,049
12135,569
12136,720
12137,882
12138,384
12139,719
12140,044
12141,250
12142,967
12143,990
12144,278
12145,856
12146,728
12147,568
12148,524
12149,940
12150,598
12151,613
12152,739
12153,383
12154,206
12155,895
12156,440
12157,599
12158,772
12159,957
12160,970
12161,532
12162,243
12163,693
12164,718
12165,046
12166,862
12167,289
12168,651
12169,720
12170,788
12171,735
12172,437
12173,597
12174,218
12175,058
12176,400
12177,018
12178,357
12179,145
12180,990
12181,693
12182,456
12183,795
12184,169
12185,460
12186,673
12187,962
12188,638
12189,418
12190,313
12191,584
12192,576
12193,269
12194,159
12195,213
12196,993
12197,546
12198,112
12199,849
12200,282
12201,790
12202,102
12203,176
12204,361
12205,978
12206,608
12207,790
12208,757
12209,227
12210,574
12211,427
12212,144
12213,681
12214,321
12215,038
12216,775
12217,871
12218,170
12219,935
12220,099
12221,335
12222,240
12223,360
12224,540
12225,453
12226,010
12227,721
12228,081
12229,461
12230,644
12231,763
12232,147
12233,250
12234,611
12235,460
12236,929
12237,049
12238,097
12239,071
12240,063
12241,502
12242,968
12243,145
12244,453
12245,232
12246,571
12247,114
12248,940
12249,575
12250,999
12251,108
12252,892
12253,893
12254,679
12255,404
12256,092
12257,355
12258,794
12259,081
12260,457
12261,686
12262,506
12263,436
12264,092
12265,865
12266,100
12267,446
12268,630
12269,153
12270,521
12271,656
12272,973
12273,706
12274,567
12275,361
12276,179
12277,911
12278,663
12279,954
12280,063
12281,096
12282,010
12283,154
12284,560
12285,605
12286,044
12287,231
12288,576
12289,884
12290,974
12291,021
12292,203
12293,086
12294,137
12295,295
12296,489
12297,814
12298,833
12299,087
12300,954
12301,579
12302,343
12303,585
12304,419
12305,721
12306,337
12307,687
12308,299
12309,287
12310,644
12311,644
12312,056
12313,138
12314,624
12315,007
12316,708
12317,177
12318,836
12319,051
12320,009
12321,133
12322,176
12323,899
12324,888
12325,104
12326,896
12327,446
12328,814
12329,611
12330,219
12331,089
12332,822
12333,025
12334,524
12335,893
12336,557
12337,462
12338,331
12339,274
12340,654
12341,472
12342,492
12343,722
12344,488
12345,390
12346,437
12347,419
12348,821
12349,041
12350,896
12351,992
12352,944
12353,469
12354,183
12355,369
12356,462
12357,111
12358,012
12359,146
13001,524
13002,599
13003,724
13004,184
13005,468
13006,853
13007,626
13008,599
13009,574
13010,688
13011,618
13012,760
13013,292
13014,266
13015,647
13016,708
13017,359
13018,824
13019,567
13020,963
13021,719
13022,744
13023,672
13024,859
13025,322
13026,895
13027,490
13028,072
13029,722
13030,354
13031,593
13032,898
13033,325
13034,690
13035,446
13036,921
13037,365
13038,806
13039,911
13040,898
13041,986
13042,091
13043,530
13044,731
13045,299
13046,446
13047,072
13048,263
13049,728
13050,221
13051,652
13052,642
13053,212
13054,732
13055,053
13056,481
13057,639
13058,248
13059,954
13060,530
13061,106
13062,143
13063,882
13064,465
13065,222
13066,158
13067,044
13068,244
13069,119
13070,149
13071,040
13072,330
13073,043
13074,858
13075,954
13076,545
13077,911
13078,666
13079,154
13080,237
13081,842
13082,546
13083,752
13084,125
13085,527
13086,679
13087,007
13088,806
13089,030
13090,143
13091,022
13092,691
13093,473
13094,502
13095,502
13096,342
13097,493
13098,249
13099,078
13100,764
13101,238
13102,862
13103,979
13104,845
13105,820
13106,511
13107,760
13108,320
13109,062
13110,164
13111,181
13112,606
13113,593
13114,246
13115,988
13116,047
13117,829
13118,405
13119,099
13120,290
13121,565
13122,877
13123,057
13124,363
13125,443
13126,630
13127,539
13128,082
13129,086
13130,043
13131,392
13132,104
13133,022
13134,260
13135,349
13136,568
13137,102
13138,040
13139,032
13140,857
13141,462
13142,914
13143,862
13144,152
13145,280
13146,721
13147,622
13148,803
13149,936
13150,036
13151,876
13152,438
13153,270
13154,954
13155,096
13156,128
13157,588
13158,470
13159,554
13160,036
13161,133
13162,199
13163,142
13164,951
13165,581
13166,444
13167,341
13168,844
13169,273
13170,478
13171,027
13172,219
13173,384
13174,261
13175,652
13176,641
13177,396
13178,624
13179,511
13180,669
13181,153
13182,658
13183,452
13184,829
13185,286
13186,592
13187,266
13188,654
13189,295
13190,157
13191,473
13192,556
13193,775
13194,508
13195,500
13196,666
13197,280
13198,553
13199,661
13200,468
13201,228
13202,137
13203,031
13204,499
13205,843
13206,173
13207,959
13208,421
13209,562
13210,539
13211,734
13212,143
13213,338
13214,779
13215,541
13216,005
13217,898
13218,147
13219,527
13220,300
13221,609
13222,605
13223,571
13224,000
13225,952
13226,083
13227,559
13228,756
13229,290
13230,452
13231,059
13232,647
13233,422
13234,565
13235,909
13236,557
13237,682
13238,695
13239,692
13240,751
13241,866
13242,511
13243,481
13244,642
13245,304
13246,274
13247,673
13248,477
13249,690
13250,714
13251,659
13252,978
13253,687
13254,838
13255,015
13256,286
13257,627
13258,930
13259,044
13260,854
13261,563
13262,433
13263,521
13264,035
13265,821
13266,926
13267,915
13268,831
13269,305
13270,253
13271,791
13272,690
13273,418
13274,695
13275,165
13276,845
13277,453
13278,393
13279,900
13280,575
13281,997
13282,901
13283,314
13284,854
13285,571
13286,247
13287,909
13288,926
13289,607
13290,663
13291,556
13292,949
13293,421
13294,732
13295,820
13296,557
13297,389
13298,337
13299,087
13300,192
13301,376
13302,316
13303,820
13304,014
13305,238
13306,120
13307,598
13308,257
13309,308
13310,873
13311,694
13312,469
13313,713
13314,700
13315,497
13316,832
13317,455
13318,780
13319,918
13320,388
13321,800
13322,157
13323,525
13324,169
13325,775
13326,331
13327,775
13328,901
13329,358
13330,893
13331,189
13332,726
13333,665
13334,439
13335,852
13336,166
13337,326
13338,549
13339,958
13340,414
13341,156
13342,254
13343,661
13344,110
13345,067
13346,767
13347,797
13348,566
13349,833
13350,052
13351,211
13352,454
13353,589
13354,997
13355,030
13356,800
13357,154
13358,988
14001,963
14002,375
14003,612
14004,929
14005,121
14006,344
14007,424
14008,134
14009,618
14010,416
14011,537
14012,902
14013,600
14014,535
14015,175
14016,982
14017,071
14018,021
14019,430
14020,182
14021,354
14022,603
14023,649
14024,224
14025,207
14026,107
14027,727
14028,440
14029,605
14030,405
14031,891
14032,266
14033,949
14034,518
14035,467
14036,104
14037,185
14038,291
14039,922
14040,901
14041,725
14042,363
14043,501
14044,354
14045,747
14046,584
14047,898
14048,861
14049,908
14050,424
14051,536
14052,032
14053,812
14054,725
14055,807
14056,678
14057,501
14058,322
14059,429
14060,932
14061,225
14062,382
14063,478
14064,218
14065,290
14066,003
14067,318
14068,102
14069,064
14070,119
14071,292
14072,488
14073,042
14074,500
14075,414
14076,382
14077,747
14078,467
14079,794
14080,587
14081,206
14082,324
14083,093
14084,987
14085,243
14086,795
14087,844
14088,571
14089,660
14090,838
14091,496
14092,508
14093,196
14094,189
14095,775
14096,216
14097,774
14098,139
14099,464
14100,269
14101,109
14102,750
14103,832
14104,576
14105,490
14106,082
14107,639
14108,168
14109,652
14110,475
14111,905
14112,013
14113,758
14114,214
14115,165
14116,906
14117,895
14118,194
14119,904
14120,244
14121,580
14122,203
14123,831
14124,395
14125,147
14126,848
14127,227
14128,215
14129,088
14130,014
14131,594
14132,351
14133,006
14134,633
14135,144
14136,268
14137,558
14138,387
14139,138
14140,766
14141,810
14142,656
14143,675
14144,865
14145,415
14146,818
14147,142
14148,295
14149,689
14150,028
14151,987
14152,028
14153,308
14154,268
14155,213
14156,159
14157,079
14158,370
14159,090
14160,928
14161,550
14162,729
14163,302
14164,993
14165,152
14166,099
14167,765
14168,198
14169,104
14170,257
14171,630
14172,959
14173,888
14174,409
14175,691
14176,034
14177,580
14178,909
14179,264
14180,759
14181,727
14182,753
14183,774
14184,523
14185,452
14186,605
14187,326
14188,302
14189,550
14190,537
14191,757
14192,539
14193,513
14194,046
14195,840
14196,460
14197,974
14198,893
14199,251
14200,025
14201,834
14202,475
14203,411
14204,564
14205,907
14206,906
14207,147
14208,778
14209,712
14210,405
14211,205
14212,056
14213,775
14214,214
14215,609
14216,033
14217,137
14218,808
14219,295
14220,449
14221,272
14222,504
14223,804
14224,696
14225,792
14226,193
14227,326
14228,243
14229,474
14230,083
14231,463
14232,614
14233,921
14234,071
14235,748
14236,841
14237,685
14238,419
14239,724
14240,864
14241,858
14242,245
14243,799
14244,302
14245,619
14246,222
14247,229
14248,441
14249,810
14250,177
14251,421
14252,557
14253,441
14254,924
14255,691
14256,771
14257,666
14258,452
14259,110
14260,366
14261,412
14262,219
14263,857
14264,107
14265,459
14266,506
14267,149
14268,740
14269,032
14270,658
14271,770
14272,417
14273,585
14274,475
14275,286
14276,497
14277,513
14278,739
14279,592
14280,131
14281,794
14282,590
14283,343
14284,018
14285,826
14286,988
14287,275
14288,245
14289,048
14290,433
14291,488
14292,841
14293,359
14294,815
14295,794
14296,399
14297,888
14298,280
14299,532
14300,290
14301,524
14302,862
14303,078
14304,750
14305,004
14306,131
14307,296
14308,180
14309,382
14310,489
14311,296
14312,377
14313,402
14314,795
14315,153
14316,371
14317,059
14318,594
14319,696
14320,236
14321,652
14322,969
14323,826
14324,589
14325,037
14326,881
14327,354
14328,543
14329,359
14330,780
14331,713
14332,666
14333,695
14334,394
14335,901
14336,753
14337,662
14338,398
14339,589
14340,129
14341,711
14342,976
14343,687
14344,097
14345,512
14346,204
14347,982
14348,168
14349,661
14350,266
14351,688
14352,060
14353,355
14354,069
14355,950
14356,786
14357,362
15001,397
15002,749
15003,524
15004,142
15005,693
15006,947
15007,039
15008,613
15009,574
15010,862
15011,318
15012,864
15013,412
15014,403
15015,845
15016,290
15017,880
15018,831
15019,914
15020,216
15021,339
15022,758
15023,496
15024,606
15025,381
15026,833
15027,281
15028,357
15029,927
15030,820
15031,524
15032,413
15033,986
15034,049
15035,674
15036,871
15037,151
15038,922
15039,548
15040,466
15041,538
15042,232
15043,751
15044,725
15045,577
15046,305
15047,800
15048,085
15049,251
15050,039
15051,951
15052,598
15053,747
15054,063
15055,969
15056,813
15057,779
15058,889
15059,024
15060,447
15061,918
15062,068
15063,138
15064,527
15065,696
15066,208
15067,718
15068,559
15069,986
15070,418
15071,759
15072,793
15073,942
15074,441
15075,423
15076,937
15077,965
15078,114
15079,528
15080,320
15081,603
15082,255
15083,013
15084,941
15085,416
15086,930
15087,013
15088,108
15089,654
15090,684
15091,795
15092,703
15093,602
15094,546
15095,237
15096,218
15097,688
15098,413
15099,771
15100,536
15101,633
15102,395
15103,499
15104,986
15105,700
15106,688
15107,710
15108,865
15109,649
15110,824
15111,972
15112,971
15113,777
15114,310
15115,623
15116,768
15117,760
15118,273
15119,614
15120,874
15121,640
15122,675
15123,590
15124,513
15125,544
15126,211
15127,081
15128,892
15129,232
15130,512
15131,774
15132,393
15133,956
15134,156
15135,027
15136,884
15137,229
15138,473
15139,811
15140,677
15141,929
15142,296
15143,240
15144,054
15145,627
15146,318
15147,075
15148,161
15149,084
15150,775
15151,455
15152,681
15153,088
15154,224
15155,405
15156,973
15157,084
15158,763
15159,722
15160,173
15161,662
15162,076
15163,646
15164,392
15165,389
15166,533
15167,356
15168,744
15169,160
15170,900
15171,410
15172,406
15173,537
15174,934
15175,616
15176,762
15177,070
15178,720
15179,535
15180,020
15181,868
15182,784
15183,653
15184,291
15185,798
15186,785
15187,058
15188,319
15189,762
15190,688
15191,514
15192,666
15193,702
15194,277
15195,946
15196,862
15197,402
15198,313
15199,867
15200,934
15201,063
15202,395
15203,647
15204,068
15205,212
15206,881
15207,338
15208,353
15209,727
15210,728
15211,951
15212,614
15213,055
15214,190
15215,154
15216,254
15217,242
15218,232
15219,192
15220,328
15221,781
15222,438
15223,387
15224,641
15225,859
15226,440
15227,442
15228,312
15229,991
15230,727
15231,509
15232,532
15233,983
15234,436
15235,465
15236,910
15237,304
15238,127
15239,931
15240,689
15241,651
15242,678
15243,008
15244,350
15245,987
15246,778
15247,065
15248,251
15249,461
15250,713
15251,494
15252,451
15253,292
15254,343
15255,430
15256,156
15257,023
15258,374
15259,952
15260,258
15261,833
15262,252
15263,216
15264,173
15265,925
15266,084
15267,652
15268,808
15269,258
15270,115
15271,979
15272,419
15273,254
15274,306
15275,934
15276,891
15277,483
15278,011
15279,217
15280,988
15281,090
15282,492
15283,234
15284,632
15285,421
15286,074
15287,050
15288,842
15289,529
15290,064
15291,120
15292,296
15293,432
15294,041
15295,305
15296,905
15297,440
15298,594
15299,627
15300,845
15301,449
15302,642
15303,441
15304,271
15305,549
15306,217
15307,069
15308,379
15309,003
15310,257
15311,233
15312,435
15313,555
15314,065
15315,750
15316,021
15317,812
15318,349
15319,619
15320,884
15321,836
15322,644
15323,169
15324,793
15325,929
15326,875
15327,429
15328,497
15329,675
15330,056
15331,780
15332,690
15333,388
15334,052
15335,562
15336,658
15337,913
15338,909
15339,997
15340,828
15341,664
15342,596
15343,580
15344,253
15345,293
15346,701
15347,145
15348,878
15349,750
15350,813
15351,974
15352,918
15353,349
15354,391
15355,871
15356,397
15357,432
15358,009
16001,828
16002,567
16003,573
16004,543
16005,439
16006,101
16007,174
16008,967
16009,648
16010,823
16011,461
16012,530
16013,019
16014,925
16015,686
16016,841
16017,861
16018,646
16019,883
16020,693
16021,402
16022,744
16023,041
16024,091
16025,500
16026,403
16027,729
16028,262
16029,225
16030,988
16031,457
16032,555
16033,002
16034,102
16035,051
16036,258
16037,624
16038,823
16039,503
16040,047
16041,720
16042,729
16043,944
16044,012
16045,612
16046,126
16047,132
16048,337
16049,618
16050,140
16051,102
16052,792
16053,447
16054,736
16055,323
16056,665
16057,764
16058,119
16059,078
16060,686
16061,675
16062,477
16063,491
16064,455
16065,016
16066,455
16067,445
16068,013
16069,995
16070,789
16071,530
16072,299
16073,972
16074,951
16075,637
16076,606
16077,782
16078,467
16079,390
16080,670
16081,150
16082,748
16083,234
16084,023
16085,997
16086,065
16087,917
16088,547
16089,983
16090,867
16091,133
16092,273
16093,982
16094,960
16095,869
16096,410
16097,111
16098,982
16099,332
16100,037
16101,603
16102,885
16103,762
16104,219
16105,611
16106,037
16107,240
16108,236
16109,071
16110,772
16111,476
16112,611
16113,297
16114,218
16115,002
16116,488
16117,945
16118,369
16119,139
16120,877
16121,564
16122,436
16123,147
16124,856
16125,201
16126,063
16127,997
16128,744
16129,405
16130,247
16131,665
16132,491
16133,711
16134,923
16135,144
16136,665
16137,966
16138,133
16139,188
16140,656
16141,720
16142,347
16143,112
16144,568
16145,014
16146,145
16147,976
16148,787
16149,757
16150,114
16151,616
16152,125
16153,622
16154,712
16155,999
16156,316
16157,603
16158,617
16159,835
16160,657
16161,845
16162,708
16163,970
16164,723
16165,571
16166,412
16167,969
16168,900
16169,196
16170,409
16171,058
16172,760
16173,262
16174,111
16175,630
16176,765
16177,585
16178,900
16179,456
16180,632
16181,437
16182,200
16183,573
16184,359
16185,542
16186,811
16187,307
16188,842
16189,131
16190,026
16191,208
16192,325
16193,783
16194,557
16195,024
16196,339
16197,300
16198,289
16199,510
16200,583
16201,374
16202,584
16203,044
16204,244
16205,435
16206,788
16207,775
16208,284
16209,299
16210,305
16211,463
16212,693
16213,658
16214,709
16215,787
16216,398
16217,449
16218,900
16219,047
16220,073
16221,612
16222,425
16223,063
16224,656
16225,636
16226,016
16227,397
16228,865
16229,042
16230,566
16231,285
16232,916
16233,568
16234,976
16235,450
16236,263
16237,284
16238,543
16239,585
16240,639
16241,320
16242,752
16243,416
16244,153
16245,389
16246,782
16247,882
16248,727
16249,973
16250,162
16251,306
16252,459
16253,691
16254,652
16255,335
16256,137
16257,389
16258,961
16259,396
16260,038
16261,994
16262,358
16263,110
16264,671
16265,695
16266,640
16267,141
16268,076
16269,221
16270,042
16271,875
16272,196
16273,583
16274,905
16275,820
16276,964
16277,584
16278,232
16279,506
16280,802
16281,136
16282,828
16283,004
16284,467
16285,728
16286,623
16287,890
16288,430
16289,736
16290,631
16291,196
16292,240
16293,804
16294,612
16295,392
16296,479
16297,853
16298,733
16299,517
16300,189
16301,888
16302,518
16303,751
16304,470
16305,368
16306,740
16307,586
16308,126
16309,225
16310,794
16311,841
16312,664
16313,314
16314,235
16315,497
16316,214
16317,886
16318,142
16319,419
16320,349
16321,606
16322,271
16323,840
16324,173
16325,668
16326,363
16327,656
16328,865
16329,951
16330,564
16331,673
16332,445
16333,975
16334,355
16335,538
16336,150
16337,528
16338,401
16339,548
16340,648
16341,039
16342,633
16343,807
16344,103
16345,562
16346,100
16347,589
16348,757
16349,154
16350,519
16351,475
16352,424
16353,453
16354,533
16355,719
16356,180
16357,222
16358,143
16359,896
17001,092
17002,758
17003,374
17004,616
17005,342
17006,426
17007,692
17008,597
17009,317
17010,261
17011,486
17012,059
17013,039
17014,428
17015,686
17016,796
17017,897
17018,397
17019,844
17020,526
17021,874
17022,677
17023,237
17024,043
17025,277
17026,081
17027,325
17028,955
17029,804
17030,896
17031,502
17032,738
17033,785
17034,895
17035,890
17036,472
17037,380
17038,823
17039,598
17040,395
17041,982
17042,149
17043,508
17044,138
17045,735
17046,887
17047,283
17048,164
17049,665
17050,307
17051,444
17052,159
17053,921
17054,702
17055,366
17056,232
17057,921
17058,730
17059,662
17060,546
17061,198
17062,887
17063,768
17064,165
17065,552
17066,848
17067,382
17068,217
17069,946
17070,333
17071,842
17072,948
17073,031
17074,656
17075,900
17076,389
17077,634
17078,633
17079,485
17080,188
17081,210
17082,553
17083,564
17084,836
17085,722
17086,944
17087,237
17088,561
17089,389
17090,283
17091,676
17092,759
17093,580
17094,098
17095,323
17096,809
17097,806
17098,228
17099,996
17100,813
17101,390
17102,059
17103,044
17104,782
17105,846
17106,402
17107,951
17108,727
17109,030
17110,815
17111,658
17112,686
17113,157
17114,681
17115,567
17116,213
17117,299
17118,499
17119,522
17120,458
17121,054
17122,486
17123,492
17124,081
17125,255
17126,258
17127,739
17128,452
17129,365
17130,589
17131,919
17132,305
17133,166
17134,697
17135,525
17136,510
17137,122
17138,020
17139,360
17140,204
17141,604
17142,013
17143,177
17144,239
17145,591
17146,942
17147,331
17148,152
17149,987
17150,529
17151,078
17152,802
17153,885
17154,215
17155,004
17156,007
17157,818
17158,083
17159,123
17160,946
17161,830
17162,814
17163,759
17164,447
17165,330
17166,644
17167,795
17168,175
17169,644
17170,544
17171,190
17172,496
17173,712
17174,960
17175,376
17176,602
17177,670
17178,303
17179,066
17180,586
17181,484
17182,975
17183,409
17184,129
17185,370
17186,967
17187,831
17188,209
17189,960
17190,446
17191,978
17192,279
17193,880
17194,625
17195,319
17196,436
17197,594
17198,754
17199,330
17200,935
17201,445
17202,461
17203,243
17204,232
17205,649
17206,375
17207,697
17208,108
17209,391
17210,911
17211,116
17212,002
17213,727
17214,423
17215,212
17216,871
17217,796
17218,573
17219,493
17220,643
17221,447
17222,707
17223,496
17224,634
17225,488
17226,335
17227,247
17228,389
17229,487
17230,674
17231,420
17232,844
17233,187
17234,466
17235,156
17236,515
17237,210
17238,921
17239,605
17240,517
17241,939
17242,893
17243,335
17244,832
17245,623
17246,111
17247,945
17248,849
17249,361
17250,856
17251,151
17252,178
17253,778
17254,915
17255,948
17256,132
17257,223
17258,871
17259,487
17260,929
17261,635
17262,391
17263,335
17264,680
17265,309
17266,151
17267,714
17268,317
17269,045
17270,141
17271,550
17272,921
17273,380
17274,946
17275,965
17276,093
17277,076
17278,057
17279,262
17280,797
17281,808
17282,302
17283,154
17284,618
17285,977
17286,481
17287,094
17288,756
17289,744
17290,423
17291,694
17292,946
17293,787
17294,418
17295,554
17296,318
17297,810
17298,099
17299,685
17300,754
17301,616
17302,902
17303,458
17304,444
17305,005
17306,125
17307,623
17308,891
17309,262
17310,761
17311,900
17312,598
17313,306
17314,580
17315,243
17316,202
17317,103
17318,883
17319,939
17320,036
17321,435
17322,173
17323,572
17324,828
17325,509
17326,723
17327,145
17328,621
17329,535
17330,385
17331,098
17332,321
17333,427
17334,181
17335,661
17336,340
17337,910
17338,279
17339,131
17340,112
17341,722
17342,386
17343,752
17344,365
17345,344
17346,103
17347,037
17348,087
17349,156
17350,128
17351,260
17352,994
17353,304
17354,187
17355,384
17356,952
17357,809
17358,951
18001,177
18002,644
18003,145
18004,416
18005,391
18006,869
18007,080
18008,447
18009,496
18010,167
18011,972
18012,437
18013,606
18014,161
18015,739
18016,374
18017,990
18018,174
18019,760
18020,921
18021,726
18022,656
18023,936
18024,506
18025,543
18026,476
18027,489
18028,313
18029,790
18030,753
18031,525
18032,860
18033,870
18034,263
18035,752
18036,693
18037,768
18038,947
18039,125
18040,478
18041,411
18042,537
18043,079
18044,237
18045,009
18046,551
18047,088
18048,444
18049,818
18050,780
18051,424
18052,958
18053,827
18054,663
18055,043
18056,446
18057,252
18058,497
18059,755
18060,774
18061,134
18062,836
18063,820
18064,234
18065,238
18066,226
18067,171
18068,911
18069,141
18070,890
18071,503
18072,412
18073,748
18074,941
18075,342
18076,328
18077,137
18078,294
18079,738
18080,749
18081,948
18082,574
18083,752
18084,554
18085,334
18086,391
18087,827
18088,212
18089,773
18090,942
18091,071
18092,153
18093,553
18094,734
18095,894
18096,475
18097,304
18098,394
18099,332
18100,830
18101,798
18102,938
18103,796
18104,767
18105,845
18106,960
18107,947
18108,010
18109,331
18110,746
18111,817
18112,256
18113,798
18114,887
18115,180
18116,820
18117,836
18118,786
18119,505
18120,442
18121,514
18122,137
18123,830
18124,141
18125,328
18126,478
18127,297
18128,229
18129,982
18130,989
18131,548
18132,470
18133,414
18134,299
18135,086
18136,064
18137,177
18138,153
18139,828
18140,680
18141,279
18142,949
18143,322
18144,019
18145,523
18146,623
18147,038
18148,819
18149,871
18150,675
18151,694
18152,469
18153,083
18154,031
18155,160
18156,322
18157,209
18158,300
18159,294
18160,108
18161,473
18162,260
18163,570
18164,610
18165,302
18166,061
18167,132
18168,275
18169,716
18170,127
18171,297
18172,247
18173,242
18174,019
18175,612
18176,207
18177,222
18178,528
18179,713
18180,433
18181,573
18182,400
18183,844
18184,261
18185,696
18186,350
18187,507
18188,068
18189,269
18190,031
18191,340
18192,939
18193,382
18194,605
18195,484
18196,332
18197,133
18198,893
18199,442
18200,598
18201,629
18202,224
18203,216
18204,713
18205,298
18206,267
18207,006
18208,175
18209,100
18210,956
18211,893
18212,515
18213,355
18214,817
18215,939
18216,890
18217,856
18218,877
18219,871
18220,208
18221,598
18222,323
18223,197
18224,791
18225,648
18226,929
18227,088
18228,829
18229,443
18230,764
18231,516
18232,531
18233,111
18234,505
18235,584
18236,703
18237,157
18238,392
18239,837
18240,492
18241,170
18242,097
18243,790
18244,649
18245,051
18246,916
18247,303
18248,939
18249,289
18250,917
18251,030
18252,578
18253,852
18254,021
18255,710
18256,147
18257,603
18258,045
18259,149
18260,664
18261,352
18262,367
18263,452
18264,190
18265,180
18266,697
18267,105
18268,187
18269,426
18270,959
18271,775
18272,078
18273,624
18274,656
18275,393
18276,418
18277,025
18278,812
18279,645
18280,951
18281,106
18282,780
18283,899
18284,858
18285,080
18286,931
18287,051
18288,274
18289,913
18290,535
18291,639
18292,459
18293,151
18294,832
18295,168
18296,030
18297,461
18298,253
18299,489
18300,094
18301,901
18302,199
18303,608
18304,020
18305,190
18306,000
18307,648
18308,412
18309,743
18310,367
18311,864
18312,115
18313,383
18314,867
18315,773
18316,731
18317,299
18318,346
18319,408
18320,329
18321,829
18322,434
18323,265
18324,034
18325,644
18326,531
18327,068
18328,629
18329,601
18330,236
18331,458
18332,965
18333,836
18334,454
18335,359
18336,210
18337,558
18338,575
18339,841
18340,695
18341,030
18342,078
18343,974
18344,887
18345,478
18346,596
18347,471
18348,144
18349,494
18350,892
18351,318
18352,068
18353,691
18354,469
18355,378
18356,188
18357,922
18358,329
19001,322
19002,754
19003,542
19004,241
19005,062
19006,148
19007,751
19008,987
19009,668
19010,425
19011,492
19012,541
19013,223
19014,023
19015,424
19016,591
19017,147
19018,170
19019,999
19020,821
19021,662
19022,074
19023,661
19024,588
19025,162
19026,185
19027,613
19028,501
19029,253
19030,838
19031,712
19032,848
19033,342
19034,808
19035,575
19036,507
19037,699
19038,048
19039,066
19040,301
19041,130
19042,328
19043,603
19044,105
19045,377
19046,231
19047,363
19048,161
19049,632
19050,811
19051,337
19052,577
19053,364
19054,374
19055,182
19056,252
19057,868
19058,417
19059,104
19060,239
19061,288
19062,848
19063,211
19064,752
19065,432
19066,257
19067,579
19068,550
19069,793
19070,755
19071,205
19072,921
19073,709
19074,842
19075,429
19076,214
19077,514
19078,239
19079,087
19080,316
19081,954
19082,595
19083,058
19084,302
19085,612
19086,349
19087,058
19088,381
19089,382
19090,785
19091,035
19092,512
19093,525
19094,088
19095,114
19096,912
19097,071
19098,549
19099,461
19100,388
19101,561
19102,056
19103,345
19104,461
19105,458
19106,384
19107,214
19108,309
19109,983
19110,303
19111,486
19112,545
19113,472
19114,949
19115,008
19116,824
19117,358
19118,620
19119,211
19120,911
19121,882
19122,692
19123,471
19124,270
19125,485
19126,189
19127,280
19128,064
19129,540
19130,725
19131,627
19132,593
19133,197
19134,419
19135,094
19136,939
19137,776
19138,007
19139,406
19140,154
19141,004
19142,083
19143,581
19144,489
19145,088
19146,374
19147,534
19148,191
19149,880
19150,966
19151,575
19152,285
19153,060
19154,378
19155,081
19156,659
19157,312
19158,721
19159,196
19160,465
19161,997
19162,610
19163,493
19164,797
19165,112
19166,865
19167,307
19168,703
19169,041
19170,364
19171,443
19172,752
19173,884
19174,399
19175,389
19176,096
19177,232
19178,774
19179,761
19180,248
19181,306
19182,761
19183,832
19184,449
19185,436
19186,547
19187,899
19188,316
19189,890
19190,170
19191,250
19192,729
19193,652
19194,318
19195,689
19196,645
19197,622
19198,257
19199,476
19200,471
19201,232
19202,823
19203,103
19204,562
19205,187
19206,917
19207,117
19208,857
19209,865
19210,773
19211,590
19212,772
19213,728
19214,921
19215,876
19216,658
19217,123
19218,649
19219,382
19220,329
19221,796
19222,909
19223,534
19224,093
19225,391
19226,396
19227,823
19228,978
19229,948
19230,630
19231,935
19232,772
19233,531
19234,245
19235,422
19236,021
19237,808
19238,410
19239,491
19240,894
19241,385
19242,892
19243,511
19244,090
19245,595
19246,427
19247,489
19248,311
19249,629
19250,171
19251,272
19252,416
19253,639
19254,618
19255,272
19256,474
19257,871
19258,511
19259,432
19260,162
19261,865
19262,785
19263,984
19264,669
19265,590
19266,461
19267,035
19268,081
19269,854
19270,601
19271,951
19272,014
19273,822
19274,102
19275,287
19276,818
19277,737
19278,194
19279,177
19280,294
19281,005
19282,626
19283,049
19284,992
19285,071
19286,774
19287,337
19288,789
19289,249
19290,485
19291,676
19292,486
19293,599
19294,758
19295,335
19296,870
19297,525
19298,555
19299,578
19300,537
19301,379
19302,744
19303,669
19304,663
19305,482
19306,647
19307,027
19308,675
19309,354
19310,754
19311,114
19312,576
19313,241
19314,200
19315,451
19316,481
19317,423
19318,319
19319,331
19320,787
19321,593
19322,972
19323,830
19324,373
19325,744
19326,209
19327,770
19328,596
19329,412
19330,397
19331,860
19332,254
19333,383
19334,972
19335,369
19336,234
19337,407
19338,547
19339,901
19340,383
19341,030
19342,178
19343,952
19344,087
19345,874
19346,589
19347,549
19348,055
19349,338
19350,818
19351,977
20001,202
20002,161
20003,893
20004,498
20005,569
20006,083
20007,309
20008,188
20009,208
20010,011
20011,459
20012,313
20013,081
20014,161
20015,322
20016,402
20017,728
20018,585
20019,973
20020,166
20021,964
20022,634
20023,061
20024,614
20025,424
20026,705
20027,239
20028,513
20029,395
20030,719
20031,937
20032,688
20033,767
20034,473
20035,328
20036,301
20037,120
20038,739
20039,846
20040,389
20041,705
20042,274
20043,070
20044,120
20045,031
20046,324
20047,809
20048,854
20049,710
20050,593
20051,753
20052,223
20053,588
20054,087
20055,659
20056,578
20057,057
20058,228
20059,019
20060,490
20061,152
20062,318
20063,531
20064,352
20065,199
20066,262
20067,477
20068,410
20069,788
20070,804
20071,384
20072,790
20073,669
20074,224
20075,585
20076,864
20077,213
20078,356
20079,103
20080,384
20081,262
20082,889
20083,096
20084,567
20085,835
20086,972
20087,343
20088,551
20089,087
20090,559
20091,599
20092,616
20093,730
20094,328
20095,425
20096,718
20097,935
20098,449
20099,798
20100,064
20101,267
20102,877
20103,904
20104,295
20105,598
20106,440
20107,198
20108,267
20109,317
20110,282
20111,675
20112,421
20113,075
20114,065
20115,552
20116,934
20117,834
20118,204
20119,160
20120,242
20121,718
20122,639
20123,248
20124,629
20125,660
20126,494
20127,325
20128,086
20129,011
20130,968
20131,358
20132,879
20133,077
20134,753
20135,603
20136,552
20137,102
20138,004
20139,956
20140,515
20141,833
20142,713
20143,854
20144,610
20145,846
20146,880
20147,079
20148,964
20149,334
20150,373
20151,800
20152,698
20153,066
20154,810
20155,012
20156,098
20157,764
20158,266
20159,481
20160,920
20161,704
20162,628
20163,230
20164,484
20165,059
20166,343
20167,841
20168,786
20169,122
20170,650
20171,243
20172,603
20173,317
20174,294
20175,944
20176,962
20177,481
20178,337
20179,069
20180,127
20181,293
20182,913
20183,866
20184,555
20185,197
20186,547
20187,143
20188,294
20189,917
20190,733
20191,936
20192,849
20193,309
20194,436
20195,839
20196,841
20197,429
20198,612
20199,708
20200,023
20201,816
20202,260
20203,677
20204,074
20205,681
20206,611
20207,378
20208,811
20209,207
20210,326
20211,463
20212,559
20213,736
20214,860
20215,797
20216,623
20217,719
20218,648
20219,020
20220,293
20221,442
20222,528
20223,231
20224,939
20225,027
20226,200
20227,188
20228,430
20229,911
20230,573
20231,115
20232,056
20233,393
20234,610
20235,284
20236,998
20237,524
20238,275
20239,821
20240,861
20241,049
20242,828
20243,082
20244,978
20245,895
20246,525
20247,980
20248,962
20249,700
20250,839
20251,252
20252,761
20253,858
20254,120
20255,460
20256,208
20257,258
20258,468
20259,230
20260,278
20261,833
20262,665
20263,809
20264,160
20265,770
20266,110
20267,625
20268,635
20269,693
20270,414
20271,929
20272,243
20273,174
20274,595
20275,716
20276,994
20277,567
20278,274
20279,932
20280,160
20281,951
20282,257
20283,570
20284,337
20285,144
20286,519
20287,276
20288,693
20289,593
20290,846
20291,468
20292,767
20293,203
20294,630
20295,839
20296,251
20297,745
20298,290
20299,323
20300,412
20301,418
20302,108
20303,906
20304,627
20305,373
20306,438
20307,695
20308,574
20309,272
20310,503
20311,580
20312,614
21001,326
21002,355
21003,880
21004,501
21005,633
21006,908
21007,901
21008,647
21009,231
21010,743
21011,960
21012,906
21013,887
21014,790
21015,659
21016,223
21017,001
21018,468
21019,252
21020,398
21021,972
21022,963
21023,840
21024,342
21025,859
21026,426
21027,023
21028,790
21029,865
21030,225
21031,714
21032,373
21033,452
21034,534
21035,546
21036,956
21037,161
21038,492
21039,675
21040,341
21041,992
21042,956
21043,054
21044,269
21045,252
21046,047
21047,626
21048,945
21049,603
21050,460
21051,730
21052,986
21053,954
21054,125
21055,607
21056,622
21057,257
21058,972
21059,636
21060,655
21061,368
21062,446
21063,673
21064,626
21065,642
21066,523
21067,170
21068,045
21069,719
21070,988
21071,655
21072,562
21073,173
21074,279
21075,068
21076,018
21077,710
21078,686
21079,959
21080,645
21081,241
21082,227
21083,676
21084,493
21085,996
21086,263
21087,866
21088,304
21089,245
21090,678
21091,472
21092,870
21093,431
21094,569
21095,952
21096,593
21097,816
21098,302
21099,491
21100,276
21101,786
21102,116
21103,833
21104,906
21105,638
21106,733
21107,264
21108,553
21109,172
21110,234
21111,838
21112,451
21113,032
21114,713
21115,834
21116,414
21117,923
21118,694
21119,136
21120,686
21121,080
21122,853
21123,822
21124,492
21125,919
21126,813
21127,449
21128,689
21129,793
21130,172
21131,223
21132,741
21133,532
21134,216
21135,505
21136,469
21137,685
21138,928
21139,649
21140,132
21141,103
21142,197
21143,386
21144,074
21145,245
21146,901
21147,257
21148,215
21149,878
21150,301
21151,826
21152,348
21153,368
21154,591
21155,217
21156,732
21157,219
21158,905
21159,237
21160,958
21161,762
21162,793
21163,611
21164,137
21165,506
21166,810
21167,665
21168,946
21169,116
21170,499
21171,465
21172,757
21173,097
21174,243
21175,117
21176,865
21177,017
21178,900
21179,866
21180,930
21181,549
21182,229
21183,350
21184,811
21185,695
21186,691
21187,375
21188,608
21189,810
21190,428
21191,049
21192,740
21193,951
21194,523
21195,602
21196,866
21197,064
21198,185
21199,483
21200,409
21201,245
21202,488
21203,959
21204,506
21205,082
21206,469
21207,070
21208,520
21209,654
21210,582
21211,675
21212,012
21213,120
21214,281
21215,712
21216,454
21217,547
21218,530
21219,329
21220,127
21221,185
21222,028
21223,823
21224,937
21225,824
21226,509
21227,357
21228,552
21229,359
21230,775
21231,762
21232,779
21233,022
21234,163
21235,332
21236,714
21237,203
21238,134
21239,319
21240,013
21241,848
21242,973
21243,097
21244,401
21245,926
21246,980
21247,525
21248,308
21249,290
21250,448
21251,941
21252,975
21253,568
21254,949
21255,917
21256,503
21257,914
21258,751
21259,115
21260,186
21261,195
21262,414
21263,244
21264,956
21265,095
21266,055
21267,700
21268,183
21269,134
21270,671
21271,530
21272,028
21273,316
21274,812
21275,276
21276,504
21277,700
21278,157
21279,111
21280,868
21281,597
21282,470
21283,806
21284,504
21285,780
21286,853
21287,770
21288,566
21289,321
21290,489
21291,044
21292,521
21293,420
21294,488
21295,235
21296,468
21297,512
21298,589
21299,888
21300,140
21301,622
21302,925
21303,143
21304,900
21305,156
21306,233
21307,183
21308,838
21309,457
21310,148
21311,805
21312,008
21313,593
21314,194
21315,484
21316,688
21317,355
21318,731
21319,086
21320,940
21321,977
21322,170
21323,454
21324,931
21325,612
21326,461
21327,328
21328,336
21329,131
21330,204
21331,949
21332,934
21333,404
21334,792
21335,110
21336,455
21337,722
21338,244
21339,189
21340,321
21341,703
21342,676
21343,880
21344,046
21345,508
21346,343
21347,839
21348,241
21349,290
21350,135
21351,264
22001,378
22002,287
22003,558
22004,099
22005,871
22006,438
22007,523
22008,842
22009,856
22010,648
22011,073
22012,505
22013,086
22014,788
22015,993
22016,947
22017,515
22018,729
22019,855
22020,515
22021,492
22022,974
22023,489
22024,503
22025,974
22026,618
22027,924
22028,961
22029,134
22030,460
22031,605
22032,703
22033,358
22034,922
22035,402
22036,087
22037,341
22038,393
22039,475
22040,591
22041,533
22042,500
22043,096
22044,538
22045,429
22046,387
22047,815
22048,712
22049,487
22050,070
22051,846
22052,466
22053,566
22054,269
22055,277
22056,099
22057,147
22058,047
22059,592
22060,210
22061,353
22062,892
22063,773
22064,615
22065,994
22066,408
22067,013
22068,717
22069,586
22070,702
22071,371
22072,683
22073,200
22074,089
22075,761
22076,171
22077,918
22078,352
22079,854
22080,450
22081,168
22082,678
22083,328
22084,946
22085,279
22086,935
22087,133
22088,907
22089,844
22090,579
22091,809
22092,818
22093,958
22094,488
22095,140
22096,824
22097,096
22098,915
22099,464
22100,444
22101,124
22102,345
22103,046
22104,083
22105,642
22106,625
22107,064
22108,415
22109,092
22110,893
22111,956
22112,762
22113,653
22114,997
22115,836
22116,707
22117,457
22118,470
22119,046
22120,939
22121,621
22122,357
22123,154
22124,224
22125,264
22126,259
22127,117
22128,843
22129,005
22130,395
22131,266
22132,782
22133,654
22134,229
22135,048
22136,656
22137,244
22138,426
22139,136
22140,277
22141,755
22142,563
22143,158
22144,016
22145,728
22146,194
22147,196
22148,408
22149,464
22150,887
22151,113
22152,044
22153,155
22154,406
22155,057
22156,789
22157,417
22158,891
22159,240
22160,044
22161,507
22162,707
22163,771
22164,189
22165,457
22166,451
22167,299
22168,553
22169,469
22170,789
22171,924
22172,342
22173,546
22174,284
22175,151
22176,416
22177,242
22178,921
22179,946
22180,312
22181,071
22182,406
22183,188
22184,966
22185,545
22186,153
22187,718
22188,481
22189,235
22190,748
22191,210
22192,681
22193,162
22194,780
22195,122
22196,123
22197,930
22198,037
22199,332
22200,303
22201,213
22202,902
22203,629
22204,666
22205,468
22206,222
22207,465
22208,632
22209,356
22210,630
22211,321
22212,644
22213,829
22214,822
22215,062
22216,762
22217,514
22218,745
22219,292
22220,380
22221,246
22222,291
22223,058
22224,897
22225,431
22226,989
22227,613
22228,544
22229,766
22230,901
22231,466
22232,642
22233,867
22234,887
22235,824
22236,885
22237,699
22238,622
22239,289
22240,195
22241,073
22242,089
22243,474
22244,124
22245,846
22246,832
22247,446
22248,049
22249,006
22250,015
22251,124
22252,167
22253,916
22254,735
22255,339
22256,405
22257,792
22258,196
22259,448
22260,469
22261,026
22262,329
22263,335
22264,786
22265,464
22266,210
22267,534
22268,384
22269,375
22270,227
22271,567
22272,329
22273,746
22274,065
22275,059
22276,761
22277,246
22278,492
22279,974
22280,133
22281,101
22282,896
22283,820
22284,752
22285,436
22286,980
22287,746
22288,561
22289,769
22290,837
22291,633
22292,977
22293,385
22294,666
22295,608
22296,009
22297,111
22298,872
22299,299
22300,094
22301,181
22302,875
22303,533
22304,174
22305,048
22306,559
22307,372
22308,216
22309,041
22310,257
22311,682
22312,132
22313,169
22314,715
22315,562
22316,280
22317,268
22318,021
22319,069
22320,747
22321,861
22322,335
22323,712
22324,849
22325,760
22326,289
22327,289
22328,620
22329,167
22330,221
22331,808
22332,422
22333,851
22334,383
22335,014
22336,387
22337,217
22338,416
22339,525
22340,287
22341,084
22342,383
22343,382
22344,209
22345,460
22346,538
22347,925
22348,739
22349,491
22350,286
22351,092
23001,458
23002,070
23003,900
23004,136
23005,420
23006,756
23007,315
23008,972
23009,221
23010,888
23011,083
23012,780
23013,282
23014,022
23015,606
23016,714
23017,172
23018,237
23019,790
23020,488
23021,911
23022,114
23023,342
23024,060
23025,357
23026,665
23027,348
23028,127
23029,499
23030,754
23031,975
23032,090
23033,679
23034,901
23035,649
23036,656
23037,771
23038,091
23039,763
23040,334
23041,608
23042,231
23043,568
23044,082
23045,659
23046,885
23047,578
23048,581
23049,928
23050,714
23051,940
23052,383
23053,364
23054,348
23055,882
23056,108
23057,464
23058,693
23059,518
23060,792
23061,711
23062,006
23063,437
23064,065
23065,468
23066,550
23067,854
23068,366
23069,932
23070,567
23071,017
23072,447
23073,130
23074,071
23075,738
23076,503
23077,209
23078,316
23079,014
23080,484
23081,978
23082,739
23083,024
23084,055
23085,557
23086,915
23087,329
23088,292
23089,940
23090,585
23091,795
23092,883
23093,536
23094,533
23095,488
23096,763
23097,685
23098,223
23099,551
23100,632
23101,531
23102,704
23103,976
23104,643
23105,570
23106,282
23107,519
23108,477
23109,303
23110,433
23111,659
23112,127
23113,224
23114,810
23115,527
23116,920
23117,493
23118,646
23119,056
23120,091
23121,668
23122,827
23123,557
23124,071
23125,558
23126,984
23127,110
23128,810
23129,334
23130,521
23131,583
23132,010
23133,434
23134,220
23135,467
23136,929
23137,791
23138,440
23139,429
23140,093
23141,743
23142,167
23143,848
23144,563
23145,883
23146,587
23147,863
23148,336
23149,025
23150,039
23151,383
23152,318
23153,750
23154,433
23155,853
23156,251
23157,786
23158,447
23159,319
23160,393
23161,536
23162,094
23163,127
23164,215
23165,251
23166,128
23167,190
23168,933
23169,721
23170,082
23171,225
23172,780
23173,013
23174,829
23175,280
23176,071
23177,709
23178,711
23179,499
23180,687
23181,779
23182,121
23183,806
23184,964
23185,468
23186,707
23187,765
23188,284
23189,070
23190,600
23191,360
23192,214
23193,419
23194,303
23195,367
23196,800
23197,307
23198,079
23199,723
23200,514
23201,734
23202,758
23203,140
23204,014
23205,097
23206,448
23207,126
23208,669
23209,217
23210,936
23211,792
23212,853
23213,077
23214,101
23215,480
23216,138
23217,748
23218,942
23219,738
23220,035
23221,649
23222,977
23223,740
23224,374
23225,118
23226,535
23227,901
23228,773
23229,678
23230,949
23231,365
23232,860
23233,124
23234,805
23235,424
23236,270
23237,798
23238,562
23239,440
23240,702
23241,935
23242,987
23243,966
23244,315
23245,480
23246,422
23247,937
23248,696
23249,039
23250,180
23251,736
23252,961
23253,986
23254,991
23255,056
23256,840
23257,908
23258,915
23259,088
23260,247
23261,930
23262,717
23263,993
23264,925
23265,224
23266,133
23267,554
23268,975
23269,234
23270,355
23271,096
23272,419
23273,121
23274,669
23275,984
23276,606
23277,028
23278,070
23279,391
23280,601
23281,344
23282,308
23283,029
23284,382
23285,716
23286,116
23287,894
23288,314
23289,998
23290,154
23291,150
23292,968
23293,434
23294,667
23295,882
23296,807
23297,761
23298,365
23299,808
23300,296
23301,041
23302,161
23303,572
23304,728
23305,679
23306,330
23307,936
23308,619
23309,329
23310,417
23311,583
23312,442
23313,414
23314,355
23315,747
23316,234
23317,397
23318,790
23319,965
23320,697
23321,211
23322,174
23323,945
23324,602
23325,717
23326,790
23327,314
23328,882
23329,289
23330,531
23331,402
23332,667
23333,989
23334,587
23335,047
23336,821
23337,846
23338,380
23339,482
23340,089
23341,341
23342,978
23343,730
23344,801
23345,678
23346,258
23347,742
23348,597
23349,923
23350,197
23351,571
24001,403
24002,544
24003,666
24004,665
24005,259
24006,284
24007,888
24008,405
24009,815
24010,281
24011,080
24012,081
24013,985
24014,187
24015,475
24016,702
24017,555
24018,859
24019,313
24020,406
24021,370
24022,124
24023,793
24024,199
24025,314
24026,751
24027,502
24028,259
24029,575
24030,951
24031,682
24032,805
24033,739
24034,017
24035,306
24036,547
24037,910
24038,529
24039,508
24040,514
24041,905
24042,342
24043,296
24044,885
24045,757
24046,702
24047,760
24048,396
24049,631
24050,495
24051,674
24052,995
24053,958
24054,221
24055,173
24056,788
24057,765
24058,065
24059,629
24060,357
24061,250
24062,784
24063,651
24064,132
24065,903
24066,803
24067,549
24068,239
24069,411
24070,891
24071,258
24072,341
24073,590
24074,629
24075,285
24076,968
24077,626
24078,126
24079,889
24080,012
24081,928
24082,571
24083,232
24084,549
24085,493
24086,278
24087,161
24088,819
24089,117
24090,206
24091,196
24092,150
24093,935
24094,271
24095,175
24096,463
24097,863
24098,247
24099,102
24100,157
24101,030
24102,215
24103,551
24104,474
24105,210
24106,533
24107,499
24108,252
24109,243
24110,629
24111,336
24112,218
24113,345
24114,548
24115,620
24116,348
24117,185
24118,733
24119,255
24120,529
24121,518
24122,246
24123,538
24124,835
24125,706
24126,379
24127,744
24128,017
24129,278
24130,122
24131,571
24132,604
24133,281
24134,660
24135,891
24136,062
24137,128
24138,997
24139,536
24140,520
24141,804
24142,426
24143,185
24144,147
24145,205
24146,991
24147,558
24148,343
24149,676
24150,129
24151,900
24152,936
24153,389
24154,983
24155,889
24156,172
24157,211
24158,606
24159,430
24160,425
24161,649
24162,320
24163,514
24164,006
24165,932
24166,479
24167,507
24168,541
24169,759
24170,031
24171,070
24172,400
24173,658
24174,191
24175,195
24176,932
24177,579
24178,663
24179,535
24180,215
24181,323
24182,282
24183,500
24184,730
24185,884
24186,367
24187,883
24188,024
24189,793
24190,644
24191,439
24192,340
24193,006
24194,078
24195,517
24196,539
24197,105
24198,550
24199,558
24200,380
24201,515
24202,187
24203,592
24204,047
24205,241
24206,446
24207,982
24208,973
24209,535
24210,285
24211,649
24212,727
24213,734
24214,145
24215,877
24216,848
24217,111
24218,291
24219,971
24220,724
24221,500
24222,993
24223,549
24224,835
24225,758
24226,232
24227,995
24228,274
24229,926
24230,088
24231,696
24232,297
24233,498
24234,275
24235,954
24236,376
24237,356
24238,430
24239,168
24240,815
24241,063
24242,188
24243,916
24244,368
24245,184
24246,816
24247,434
24248,954
24249,198
24250,606
24251,356
24252,700
24253,148
24254,423
24255,155
24256,549
24257,008
24258,690
24259,444
24260,523
24261,195
24262,216
24263,404
24264,347
24265,701
24266,143
24267,841
24268,831
24269,324
24270,801
24271,395
24272,436
24273,812
24274,274
24275,681
24276,088
24277,623
24278,134
24279,886
24280,859
24281,465
24282,905
24283,285
24284,034
24285,347
24286,156
24287,945
24288,810
24289,006
24290,004
24291,340
24292,030
24293,044
24294,701
24295,552
24296,898
24297,037
24298,680
24299,581
24300,933
24301,877
24302,398
24303,201
24304,425
24305,841
24306,508
24307,582
24308,843
24309,483
24310,718
24311,533
24312,413
24313,471
24314,080
24315,071
24316,332
24317,355
24318,243
24319,793
24320,863
24321,050
24322,678
24323,914
24324,630
24325,023
24326,257
24327,134
24328,125
24329,147
24330,811
24331,712
24332,679
24333,848
24334,746
24335,499
24336,249
24337,172
24338,155
24339,918
24340,031
24341,653
24342,084
24343,481
24344,546
24345,620
24346,677
24347,893
24348,192
24349,907
24350,220
24351,788
24352,691
25001,123
25002,900
25003,168
25004,351
25005,617
25006,656
25007,362
25008,128
25009,806
25010,143
25011,027
25012,471
25013,978
25014,508
25015,398
25016,963
25017,956
25018,292
25019,734
25020,159
25021,346
25022,484
25023,788
25024,228
25025,677
25026,346
25027,048
25028,822
25029,489
25030,297
25031,513
25032,392
25033,934
25034,309
25035,849
25036,521
25037,578
25038,366
25039,588
25040,875
25041,916
25042,675
25043,552
25044,805
25045,722
25046,372
25047,806
25048,570
25049,037
25050,570
25051,973
25052,337
25053,899
25054,384
25055,916
25056,716
25057,765
25058,672
25059,771
25060,793
25061,490
25062,257
25063,466
25064,656
25065,990
25066,184
25067,671
25068,975
25069,934
25070,771
25071,462
25072,935
25073,132
25074,179
25075,743
25076,407
25077,425
25078,113
25079,296
25080,738
25081,766
25082,344
25083,593
25084,304
25085,353
25086,634
25087,845
25088,222
25089,208
25090,993
25091,830
25092,721
25093,432
25094,534
25095,672
25096,948
25097,171
25098,192
25099,174
25100,997
25101,911
25102,233
25103,471
25104,144
25105,084
25106,076
25107,726
25108,877
25109,619
25110,116
25111,588
25112,483
25113,029
25114,192
25115,847
25116,360
25117,170
25118,255
25119,703
25120,401
25121,424
25122,030
25123,842
25124,527
25125,627
25126,184
25127,492
25128,870
25129,189
25130,068
25131,367
25132,275
25133,866
25134,510
25135,816
25136,324
25137,721
25138,895
25139,155
25140,267
25141,475
25142,343
25143,944
25144,389
25145,471
25146,822
25147,023
25148,557
25149,772
25150,212
25151,686
25152,747
25153,894
25154,989
25155,040
25156,638
25157,250
25158,882
25159,274
25160,171
25161,248
25162,317
25163,766
25164,519
25165,103
25166,696
25167,267
25168,203
25169,699
25170,502
25171,105
25172,724
25173,673
25174,131
25175,413
25176,949
25177,977
25178,714
25179,972
25180,889
25181,894
25182,721
25183,177
25184,221
25185,308
25186,514
25187,641
25188,623
25189,556
25190,499
25191,669
25192,683
25193,265
25194,270
25195,210
25196,941
25197,869
25198,717
25199,485
25200,211
25201,401
25202,253
25203,735
25204,830
25205,783
25206,605
25207,154
25208,309
25209,921
25210,622
25211,050
25212,223
25213,868
25214,176
25215,695
25216,410
25217,242
25218,307
25219,784
25220,353
25221,791
25222,660
25223,795
25224,021
25225,009
25226,373
25227,453
25228,164
25229,123
25230,178
25231,258
25232,397
25233,143
25234,282
25235,321
25236,151
25237,713
25238,754
25239,220
25240,627
25242,523
25243,812
25243,286
25244,758
25245,994
25246,207
25247,364
25248,983
25249,532
25250,178
25251,558
25252,190
25253,693
25254,628
25255,583
25256,797
25257,561
25258,038
25259,420
25260,514
25261,877
25262,512
25263,148
25264,202
25265,281
25266,742
25267,856
25268,321
25269,875
25270,018
25271,898
25272,767
25273,417
25274,787
25275,150
25276,982
25277,432
25278,627
25279,375
25280,539
25281,707
25282,096
25283,057
25284,247
25285,905
25286,641
25287,180
25288,504
25289,685
25290,125
25291,948
25292,673
25293,094
25294,994
25295,124
25296,052
25297,453
25298,141
25299,300
25300,843
25301,582
25302,016
25303,943
25304,079
25305,497
25306,178
25307,618
25308,234
25309,527
25310,016
25311,114
25312,109
25313,445
25314,802
25315,973
25316,918
25317,756
25318,438
25319,865
25320,725
25321,568
25322,148
25323,687
25324,513
25325,836
25326,045
25327,829
25328,825
25329,370
25330,594
25331,980
25332,939
25333,961
25334,583
25335,276
25336,412
25337,554
25338,164
25339,900
25340,255
25341,817
25342,079
25343,012
25344,495
25345,431
25346,826
25347,695
25348,373
25349,032
25350,673
25351,617
26001,830
26002,689
26003,086
26004,878
26005,061
26006,718
26007,126
26008,509
26009,248
26010,920
26011,030
26012,522
26013,477
26014,833
26015,202
26016,215
26017,112
26018,896
26019,848
26020,095
26021,263
26022,255
26023,495
26024,268
26025,181
26026,291
26027,084
26028,499
26029,613
26030,811
26031,786
26032,730
26033,141
26034,216
26035,717
26036,788
26037,724
26038,789
26039,852
26040,009
26041,639
26042,795
26043,179
26044,051
26045,144
26046,703
26047,330
26048,097
26049,592
26050,435
26051,045
26052,649
26053,744
26054,655
26055,537
26056,119
26057,479
26058,590
26059,209
26060,118
26061,347
26062,315
26063,723
26064,528
26065,851
26066,807
26067,428
26068,840
26069,114
26070,131
26071,551
26072,115
26073,325
26074,406
26075,437
26076,419
26077,780
26078,634
26079,195
26080,770
26081,690
26082,048
26083,903
26084,004
26085,020
26086,334
26087,070
26088,474
26089,216
26090,954
26091,202
26092,761
26093,998
26094,938
26095,568
26096,643
26097,226
26098,974
26099,424
26100,207
26101,090
26102,490
26103,901
26104,786
26105,217
26106,343
26107,154
26108,656
26109,088
26111,877
26112,652
26113,925
26114,017
26115,333
26116,951
26117,091
26118,272
26119,222
26120,296
26121,040
26122,747
26123,955
26124,785
26125,867
26126,835
26127,936
26128,512
26129,683
26130,070
26131,968
26132,443
26133,543
26134,515
26135,939
26136,466
26137,544
26138,263
26139,198
26140,421
26141,215
26142,916
26143,744
26144,462
26145,993
26146,154
26147,590
26148,065
26149,325
26150,340
26151,983
26152,151
26153,389
26154,473
26155,485
26156,641
26157,830
26158,991
26159,557
26160,551
26161,562
26162,369
26163,346
26164,715
26165,294
26166,229
26167,012
26168,192
26169,884