二码,历史最大遗漏值,当前遗漏值,超过当前遗漏次数,超过最大遗漏次数,上次较大遗漏期数和值,出现次数,遗漏序列
16,169,6,176,0,23011至23101(90期),256,"[39, 55, 17, 7, 57, 19, 5, 14, 38, 27, 3, 14, 5, 9, 12, 12, 8, 10, 29, 31, 7, 20, 4, 57, 37, 5, 22, 11, 20, 12, 13, 43, 6, 18, 1, 44, 16, 11, 20, 25, 20, 13, 49, 16, 13, 23, 10, 4, 7, 3, 17, 5, 23, 5, 21, 20, 1, 11, 13, 3, 2, 9, 12, 15, 10, 5, 2, 54, 9, 26, 9, 26, 26, 14, 35, 69, 24, 27, 18, 9, 14, 45, 51, 30, 1, 2, 11, 40, 13, 7, 11, 2, 7, 3, 3, 18, 7, 4, 6, 45, 12, 7, 22, 11, 28, 9, 5, 3, 19, 12, 5, 3, 16, 4, 4, 33, 20, 55, 56, 2, 4, 3, 35, 7, 7, 8, 3, 33, 13, 89, 50, 1, 12, 50, 2, 13, 17, 1, 3, 12, 9, 19, 1, 18, 54, 18, 24, 23, 12, 17, 18, 9, 2, 3, 11, 5, 15, 10, 23, 14, 16, 19, 28, 31, 27, 4, 10, 10, 9, 5, 7, 25, 17, 39, 6, 53, 8, 10, 5, 21, 169, 57, 35, 14, 26, 15, 90, 12, 12, 3, 88, 17, 55, 12, 4, 30, 11, 42, 2, 34, 9, 5, 1, 25, 23, 6, 24, 1, 64, 15, 23, 32, 9, 1, 4, 34, 13, 1, 33, 4, 24, 2, 13, 10, 5, 11, 23, 20, 22, 3, 14, 12, 1, 2, 28, 13, 4, 10, 6]"
17,163,22,68,0,19232至19334(102期),236,"[7, 31, 5, 1, 61, 11, 3, 1, 22, 20, 1, 2, 68, 3, 2, 6, 13, 13, 60, 3, 17, 22, 23, 25, 64, 31, 10, 35, 19, 23, 10, 4, 1, 20, 10, 1, 17, 30, 26, 4, 8, 4, 13, 36, 7, 3, 15, 15, 1, 5, 1, 16, 46, 2, 57, 37, 7, 8, 17, 21, 34, 11, 6, 6, 15, 29, 6, 77, 22, 48, 12, 12, 21, 19, 41, 2, 39, 9, 20, 7, 15, 9, 15, 4, 48, 13, 6, 1, 22, 4, 31, 12, 57, 13, 16, 12, 27, 1, 3, 1, 9, 41, 9, 49, 47, 6, 18, 22, 5, 34, 18, 4, 19, 3, 11, 19, 15, 26, 2, 20, 27, 10, 19, 17, 35, 41, 102, 53, 5, 18, 37, 29, 36, 12, 44, 19, 12, 10, 20, 16, 16, 6, 25, 2, 4, 4, 52, 10, 11, 5, 2, 163, 11, 33, 33, 39, 8, 29, 40, 24, 17, 9, 14, 46, 9, 33, 15, 4, 6, 5, 8, 28, 29, 3, 10, 1, 20, 13, 17, 31, 7, 13, 23, 70, 17, 3, 13, 26, 60, 3, 3, 30, 10, 17, 9, 10, 9, 34, 10, 3, 25, 16, 39, 5, 9, 5, 52, 6, 28, 55, 17, 14, 8, 6, 9, 1, 9, 90, 7, 44, 38, 10]"
79,159,35,35,0,13215至13307(92期),246,"[28, 22, 16, 6, 37, 11, 14, 5, 12, 92, 3, 6, 4, 76, 7, 43, 1, 62, 13, 5, 20, 63, 45, 4, 11, 3, 18, 36, 5, 4, 12, 19, 10, 22, 6, 17, 14, 80, 10, 20, 13, 2, 49, 7, 10, 4, 16, 25, 35, 27, 13, 61, 6, 6, 6, 12, 6, 26, 28, 8, 11, 20, 7, 24, 7, 13, 12, 7, 16, 23, 10, 50, 11, 15, 58, 66, 5, 1, 3, 61, 6, 29, 1, 2, 8, 8, 38, 11, 10, 18, 36, 19, 7, 5, 5, 37, 3, 58, 1, 27, 4, 11, 10, 20, 6, 6, 6, 5, 44, 6, 13, 4, 16, 4, 22, 25, 16, 10, 3, 10, 49, 16, 19, 20, 8, 6, 4, 19, 3, 13, 11, 13, 6, 38, 7, 44, 2, 4, 26, 49, 4, 20, 4, 13, 5, 5, 31, 38, 24, 6, 34, 25, 62, 1, 14, 29, 4, 16, 9, 1, 6, 13, 14, 14, 18, 9, 84, 23, 6, 6, 11, 12, 14, 159, 10, 22, 1, 53, 61, 15, 20, 11, 12, 3, 3, 15, 11, 4, 29, 11, 7, 13, 34, 6, 4, 5, 8, 6, 9, 60, 19, 43, 2, 22, 14, 35, 8, 21, 27, 16, 22, 2, 17, 70, 22, 7, 6, 4, 21, 34, 5, 19, 8, 9, 14, 7, 11, 18, 63, 50, 27, 2, 3]"
02,159,0,225,0,14338至15085(104期),246,"[4, 8, 17, 10, 54, 5, 20, 22, 9, 52, 11, 11, 45, 8, 2, 31, 9, 15, 6, 1, 11, 23, 73, 14, 32, 11, 14, 12, 12, 13, 51, 15, 10, 1, 104, 25, 30, 32, 14, 32, 1, 22, 6, 8, 2, 62, 16, 1, 34, 7, 66, 18, 42, 7, 24, 17, 93, 21, 12, 27, 4, 20, 55, 26, 88, 16, 11, 26, 17, 40, 15, 20, 5, 39, 1, 6, 10, 15, 29, 7, 11, 26, 8, 24, 78, 25, 29, 14, 2, 10, 13, 6, 9, 103, 159, 1, 8, 8, 20, 28, 3, 6, 6, 33, 26, 18, 19, 21, 7, 4, 44, 16, 1, 3, 10, 1, 22, 3, 13, 6, 2, 51, 25, 55, 3, 29, 16, 10, 20, 6, 44, 8, 41, 36, 6, 6, 22, 6, 31, 13, 15, 9, 8, 8, 9, 18, 16, 33, 2, 14, 8, 8, 15, 28, 20, 10, 28, 24, 30, 24, 13, 8, 2, 1, 2, 19, 5, 38, 34, 14, 8, 12, 9, 57, 30, 34, 15, 8, 3, 55, 1, 11, 50, 82, 11, 32, 8, 12, 35, 21, 18, 3, 3, 4, 4, 3, 9, 10, 14, 5, 5, 9, 13, 4, 3, 19, 15, 3, 20, 54, 22, 22, 2, 5, 2, 13, 28, 14, 6, 13, 6, 4, 20, 1, 27]"
48,148,32,37,0,21231至21335(104期),251,"[41, 12, 11, 17, 32, 2, 14, 1, 23, 5, 2, 2, 26, 17, 5, 23, 9, 65, 8, 3, 2, 43, 7, 12, 24, 31, 3, 9, 3, 12, 3, 16, 50, 9, 148, 26, 12, 5, 38, 12, 16, 29, 26, 30, 3, 25, 43, 42, 1, 35, 18, 1, 11, 12, 30, 2, 26, 19, 28, 31, 11, 9, 10, 45, 10, 25, 12, 6, 21, 15, 13, 15, 6, 3, 10, 24, 12, 12, 48, 12, 13, 11, 60, 39, 25, 24, 2, 36, 14, 46, 13, 6, 16, 14, 44, 39, 22, 49, 20, 8, 3, 7, 4, 32, 17, 20, 23, 9, 40, 4, 7, 40, 7, 32, 1, 3, 29, 8, 16, 24, 7, 3, 21, 15, 24, 11, 5, 22, 18, 14, 4, 9, 33, 8, 25, 6, 36, 43, 64, 46, 52, 1, 22, 12, 8, 24, 10, 10, 29, 10, 8, 5, 17, 104, 15, 3, 17, 23, 83, 2, 19, 8, 16, 2, 18, 6, 13, 3, 35, 5, 22, 1, 17, 74, 3, 16, 15, 6, 23, 13, 1, 20, 11, 5, 16, 3, 20, 1, 11, 25, 49, 35, 12, 1, 6, 9, 3, 6, 18, 13, 9, 51, 2, 43, 12, 4, 21, 8, 3, 12, 1, 6, 11, 10, 38, 7, 4, 5, 5, 25, 39, 15, 27, 24, 13, 23, 12, 52, 18, 27, 3, 19, 6, 2, 9, 11, 8, 6, 5]"
58,146,10,140,0,16030至16108(78期),254,"[14, 3, 3, 21, 10, 16, 12, 25, 66, 13, 14, 1, 37, 28, 12, 25, 6, 14, 39, 9, 3, 21, 4, 7, 3, 8, 14, 13, 12, 5, 4, 6, 2, 8, 8, 5, 25, 5, 62, 51, 32, 3, 7, 38, 6, 16, 64, 12, 44, 22, 6, 34, 36, 5, 2, 2, 36, 2, 21, 1, 16, 78, 59, 45, 22, 3, 67, 7, 42, 4, 19, 54, 13, 10, 2, 28, 19, 5, 2, 3, 13, 19, 11, 1, 4, 2, 27, 20, 12, 13, 1, 4, 19, 2, 8, 2, 16, 6, 1, 4, 70, 59, 4, 54, 10, 9, 11, 47, 12, 1, 53, 28, 20, 7, 4, 22, 19, 25, 32, 36, 15, 5, 27, 2, 21, 7, 14, 6, 3, 37, 5, 2, 33, 16, 2, 13, 40, 33, 1, 4, 18, 23, 17, 18, 8, 18, 13, 4, 17, 2, 4, 2, 8, 26, 13, 24, 1, 13, 39, 11, 49, 9, 2, 2, 11, 5, 1, 11, 52, 2, 12, 16, 7, 6, 40, 5, 21, 26, 25, 12, 1, 47, 32, 5, 36, 1, 15, 4, 4, 17, 4, 12, 39, 6, 11, 15, 15, 25, 40, 1, 20, 7, 43, 18, 9, 71, 11, 20, 1, 1, 13, 42, 2, 58, 146, 31, 5, 14, 25, 11, 1, 21, 6, 38, 3, 75, 71, 11, 26, 5, 17, 16, 25, 1, 48, 7, 13, 15, 8, 21, 7]"
05,137,0,236,0,17337至18081(102期),247,"[13, 49, 8, 36, 30, 21, 31, 8, 7, 5, 45, 12, 25, 8, 10, 28, 28, 2, 13, 29, 25, 73, 30, 17, 16, 1, 48, 11, 25, 79, 15, 18, 25, 2, 19, 3, 8, 2, 2, 4, 47, 14, 137, 2, 2, 7, 11, 18, 27, 3, 64, 30, 12, 15, 8, 14, 6, 9, 22, 1, 26, 11, 7, 12, 6, 2, 26, 9, 1, 6, 10, 14, 2, 1, 3, 75, 55, 39, 18, 14, 88, 102, 15, 5, 4, 1, 2, 5, 20, 9, 31, 70, 19, 70, 8, 3, 13, 25, 19, 2, 2, 20, 17, 10, 17, 4, 22, 33, 54, 22, 39, 18, 7, 30, 1, 10, 7, 7, 1, 36, 49, 42, 12, 20, 36, 31, 3, 25, 15, 9, 1, 10, 56, 8, 15, 14, 19, 33, 16, 22, 9, 3, 46, 2, 16, 29, 23, 12, 2, 17, 3, 18, 15, 6, 11, 12, 27, 30, 24, 37, 8, 1, 7, 14, 3, 30, 6, 17, 4, 11, 12, 2, 17, 6, 17, 4, 9, 21, 8, 21, 29, 20, 13, 1, 12, 45, 7, 7, 22, 21, 52, 3, 4, 15, 43, 9, 6, 14, 5, 1, 4, 15, 57, 14, 25, 4, 1, 10, 14, 30, 6, 4, 16, 24, 54, 36, 2, 9, 26, 31, 3, 13, 9, 33, 3, 14, 2, 11, 19, 4, 25, 7, 9, 28, 57, 9]"
38,127,11,128,0,22263至23022(110期),242,"[9, 4, 8, 9, 1, 20, 23, 1, 9, 20, 15, 20, 36, 3, 13, 25, 2, 7, 2, 13, 39, 4, 12, 30, 39, 21, 52, 23, 2, 15, 1, 2, 9, 1, 53, 24, 5, 66, 8, 12, 5, 7, 24, 11, 34, 24, 17, 16, 34, 13, 4, 4, 56, 39, 13, 5, 18, 12, 7, 7, 33, 10, 11, 1, 26, 5, 24, 5, 4, 20, 4, 11, 29, 14, 5, 28, 1, 9, 5, 2, 18, 8, 6, 12, 6, 6, 127, 27, 10, 37, 12, 16, 69, 26, 21, 65, 27, 19, 29, 16, 58, 11, 23, 14, 4, 1, 11, 10, 35, 5, 49, 19, 12, 5, 7, 30, 20, 1, 28, 42, 12, 23, 13, 8, 15, 5, 9, 11, 3, 13, 26, 26, 5, 51, 75, 17, 1, 3, 3, 23, 62, 4, 2, 19, 18, 29, 11, 14, 4, 55, 18, 3, 15, 2, 62, 17, 7, 15, 36, 17, 20, 33, 5, 2, 60, 24, 10, 13, 29, 20, 3, 3, 9, 5, 20, 36, 1, 27, 4, 26, 17, 28, 3, 15, 110, 3, 34, 9, 25, 24, 23, 25, 81, 25, 18, 11, 32, 3, 9, 13, 10, 4, 12, 2, 21, 3, 8, 5, 28, 6, 12, 4, 27, 3, 4, 27, 4, 4, 1, 17, 9, 40, 10, 60, 3, 1, 83, 127, 9, 24, 57]"
45,125,8,150,0,16090至16178(88期),237,"[1, 27, 2, 26, 1, 24, 125, 6, 43, 19, 18, 3, 28, 37, 9, 6, 16, 13, 12, 17, 56, 20, 41, 8, 33, 34, 25, 35, 43, 4, 39, 55, 16, 7, 18, 24, 24, 25, 8, 17, 58, 3, 3, 9, 14, 24, 8, 6, 9, 88, 3, 18, 22, 20, 10, 22, 23, 22, 25, 6, 6, 42, 8, 8, 22, 22, 39, 69, 40, 86, 3, 28, 18, 28, 12, 7, 51, 4, 6, 57, 15, 15, 20, 25, 8, 22, 2, 9, 5, 42, 39, 67, 14, 5, 3, 4, 66, 7, 9, 2, 8, 33, 12, 87, 2, 16, 51, 4, 50, 71, 46, 9, 20, 14, 9, 18, 13, 3, 9, 19, 14, 4, 15, 1, 21, 6, 6, 19, 14, 9, 4, 1, 1, 13, 12, 23, 60, 2, 3, 17, 1, 12, 13, 13, 57, 42, 51, 6, 15, 23, 44, 3, 1, 11, 34, 3, 23, 36, 4, 28, 13, 51, 2, 13, 4, 9, 2, 34, 15, 24, 34, 1, 20, 12, 5, 13, 1, 9, 18, 43, 45, 5, 4, 16, 22, 2, 35, 6, 3, 8, 12, 60, 1, 12, 4, 29, 3, 14, 20, 1, 32, 1, 41, 15, 24, 11, 7, 19, 4, 30, 13, 7, 16, 14, 6, 1, 15, 13, 10, 16, 23, 8, 37]"
18,125,6,176,0,24345至25089(96期),250,"[22, 1, 12, 3, 64, 4, 11, 11, 23, 17, 21, 30, 58, 33, 29, 1, 56, 29, 3, 15, 60, 19, 7, 34, 25, 61, 8, 9, 24, 10, 2, 26, 18, 7, 2, 13, 10, 12, 1, 13, 26, 2, 4, 12, 8, 5, 19, 31, 13, 35, 5, 22, 12, 17, 6, 40, 33, 37, 41, 7, 66, 23, 2, 3, 16, 24, 26, 19, 4, 19, 26, 21, 31, 11, 14, 19, 7, 33, 38, 7, 14, 21, 2, 20, 2, 5, 55, 10, 22, 12, 48, 33, 8, 1, 46, 32, 6, 7, 16, 2, 6, 7, 2, 12, 44, 5, 26, 11, 23, 6, 41, 13, 57, 5, 6, 2, 125, 49, 17, 5, 3, 14, 15, 7, 13, 49, 19, 41, 15, 15, 10, 14, 8, 30, 3, 16, 16, 11, 11, 7, 4, 11, 22, 20, 13, 9, 7, 33, 10, 39, 39, 22, 20, 16, 3, 7, 23, 1, 5, 13, 67, 4, 43, 43, 16, 5, 4, 34, 6, 9, 35, 21, 3, 3, 45, 8, 9, 24, 4, 23, 15, 5, 8, 66, 8, 12, 17, 2, 3, 11, 46, 16, 14, 27, 6, 6, 18, 1, 1, 9, 1, 17, 1, 1, 12, 12, 1, 39, 36, 10, 28, 23, 13, 50, 13, 32, 18, 22, 36, 24, 12, 2, 96, 7, 7, 53, 29, 9, 4, 2, 2, 17, 42, 15]"
07,124,30,48,0,23261至23329(68期),252,"[35, 23, 15, 35, 9, 5, 56, 39, 9, 45, 29, 2, 20, 11, 13, 12, 19, 5, 17, 3, 2, 12, 5, 27, 35, 12, 20, 24, 10, 5, 43, 4, 18, 6, 2, 2, 1, 3, 18, 30, 46, 7, 20, 9, 21, 4, 25, 23, 1, 32, 2, 3, 47, 5, 8, 22, 35, 25, 10, 15, 22, 4, 10, 25, 8, 4, 9, 4, 4, 1, 41, 1, 4, 37, 2, 5, 13, 11, 9, 7, 46, 5, 15, 4, 21, 2, 19, 1, 36, 15, 45, 4, 1, 23, 17, 19, 40, 26, 28, 4, 27, 60, 10, 36, 36, 1, 1, 38, 1, 7, 13, 3, 20, 38, 1, 16, 29, 25, 23, 40, 4, 12, 9, 9, 10, 10, 54, 20, 11, 24, 50, 5, 14, 7, 2, 7, 17, 5, 37, 4, 15, 25, 30, 18, 20, 20, 11, 16, 6, 12, 4, 6, 19, 34, 14, 4, 40, 3, 9, 24, 6, 12, 3, 15, 28, 8, 21, 10, 30, 4, 38, 20, 66, 26, 36, 42, 15, 41, 48, 11, 22, 1, 14, 9, 11, 7, 20, 36, 23, 12, 41, 1, 18, 10, 9, 4, 8, 1, 33, 30, 18, 29, 56, 41, 20, 24, 21, 7, 6, 68, 42, 4, 11, 5, 46, 41, 15, 1, 46, 8, 23, 3, 3, 2, 46, 7, 14, 6, 7, 6, 49, 124, 26, 9, 2, 23, 34, 10, 11]"
26,123,2,229,0,16079至16187(108期),264,"[3, 45, 24, 17, 23, 8, 24, 7, 7, 4, 24, 90, 38, 12, 23, 2, 6, 5, 13, 45, 3, 27, 16, 7, 17, 1, 14, 8, 20, 38, 3, 16, 81, 25, 17, 1, 71, 43, 20, 1, 1, 38, 14, 3, 1, 4, 11, 3, 12, 2, 4, 2, 12, 23, 4, 15, 12, 5, 15, 12, 9, 13, 4, 7, 13, 108, 2, 1, 20, 2, 4, 5, 45, 24, 29, 17, 1, 2, 23, 27, 16, 48, 12, 20, 13, 10, 17, 2, 6, 9, 15, 7, 43, 8, 7, 28, 20, 25, 5, 24, 97, 4, 19, 4, 5, 4, 18, 8, 24, 6, 3, 6, 25, 23, 36, 25, 16, 18, 6, 22, 7, 4, 2, 22, 46, 15, 4, 6, 23, 4, 4, 4, 7, 5, 21, 8, 17, 1, 9, 1, 7, 27, 12, 5, 4, 3, 48, 16, 36, 1, 10, 3, 81, 10, 23, 1, 14, 123, 16, 4, 38, 5, 13, 9, 38, 22, 25, 4, 4, 6, 18, 34, 38, 25, 3, 8, 2, 5, 40, 24, 23, 8, 45, 12, 12, 41, 11, 39, 55, 17, 20, 8, 12, 40, 2, 10, 4, 69, 7, 17, 13, 22, 18, 7, 31, 29, 8, 3, 20, 8, 6, 8, 16, 67, 17, 25, 4, 13, 7, 4, 30, 9, 15, 9, 42, 9, 27, 2, 19, 4, 1, 34, 13, 21, 1, 2, 12, 12, 6, 2, 18, 43, 7, 13, 15, 17, 8, 11, 8, 13, 58, 8, 4, 11, 19, 1]"
35,119,17,85,0,15222至15320(98期),241,"[52, 45, 28, 8, 50, 18, 39, 8, 71, 36, 23, 6, 20, 49, 19, 6, 11, 4, 37, 8, 59, 11, 9, 16, 16, 30, 119, 25, 6, 7, 37, 98, 11, 7, 36, 1, 5, 17, 15, 33, 9, 5, 87, 4, 35, 10, 32, 54, 6, 13, 40, 11, 1, 7, 30, 20, 37, 7, 2, 4, 9, 8, 8, 32, 8, 3, 36, 6, 11, 9, 16, 27, 17, 32, 13, 26, 7, 3, 8, 18, 2, 3, 6, 7, 2, 5, 33, 10, 16, 8, 6, 11, 2, 51, 13, 6, 34, 33, 15, 8, 36, 3, 3, 10, 5, 15, 13, 21, 77, 1, 7, 14, 11, 9, 41, 17, 8, 2, 3, 1, 41, 18, 14, 13, 55, 1, 8, 62, 17, 3, 60, 15, 7, 18, 3, 31, 56, 79, 3, 5, 5, 33, 17, 42, 13, 7, 3, 6, 57, 4, 20, 7, 6, 9, 1, 30, 40, 9, 7, 15, 7, 7, 19, 1, 17, 1, 18, 1, 31, 11, 3, 28, 13, 35, 42, 33, 29, 11, 1, 25, 28, 8, 18, 21, 10, 10, 44, 41, 6, 4, 8, 13, 24, 24, 4, 30, 50, 7, 13, 11, 8, 72, 1, 23, 4, 3, 12, 4, 5, 34, 13, 27, 12, 4, 15, 57, 1, 2, 58, 5, 1, 42, 32, 6, 64]"
01,119,12,120,0,25162至25274(112期),246,"[53, 9, 32, 2, 21, 5, 3, 31, 10, 27, 78, 30, 31, 6, 41, 15, 7, 15, 7, 1, 28, 70, 3, 28, 4, 4, 4, 5, 12, 39, 4, 27, 43, 2, 52, 33, 43, 11, 10, 1, 27, 10, 15, 9, 11, 24, 30, 12, 16, 1, 22, 33, 7, 24, 25, 3, 29, 23, 29, 10, 7, 19, 8, 5, 34, 13, 5, 30, 25, 11, 14, 31, 8, 35, 14, 49, 6, 71, 3, 10, 18, 12, 3, 9, 8, 1, 4, 31, 35, 52, 32, 15, 3, 1, 21, 3, 33, 7, 35, 7, 10, 2, 5, 31, 7, 13, 21, 1, 7, 15, 49, 5, 14, 5, 6, 8, 7, 22, 2, 16, 4, 5, 1, 22, 3, 17, 20, 10, 10, 16, 31, 98, 2, 21, 16, 2, 5, 12, 18, 51, 21, 27, 27, 7, 1, 3, 5, 19, 35, 3, 10, 7, 10, 1, 66, 21, 21, 5, 1, 29, 23, 40, 4, 5, 63, 2, 2, 16, 10, 16, 20, 13, 4, 60, 13, 10, 15, 119, 10, 5, 9, 53, 9, 3, 43, 42, 15, 47, 10, 24, 8, 75, 21, 6, 10, 6, 46, 9, 19, 13, 7, 22, 10, 13, 17, 64, 19, 18, 2, 21, 20, 38, 3, 15, 30, 5, 29, 11, 2, 18, 3, 2, 11, 35, 19, 7, 3, 7, 17, 4, 13, 36, 7, 5, 112]"
12,118,5,174,0,13301至14038(95期),244,"[46, 25, 23, 8, 47, 67, 17, 1, 3, 95, 9, 15, 2, 5, 29, 4, 11, 10, 3, 6, 6, 48, 33, 1, 4, 17, 32, 11, 1, 4, 13, 47, 16, 63, 23, 4, 2, 2, 39, 32, 63, 21, 31, 10, 12, 19, 37, 21, 18, 3, 24, 21, 25, 48, 6, 54, 68, 14, 1, 41, 13, 10, 23, 54, 3, 46, 5, 32, 4, 6, 23, 11, 2, 38, 16, 6, 15, 8, 58, 2, 13, 67, 38, 24, 6, 17, 9, 42, 29, 26, 36, 16, 2, 34, 13, 8, 53, 23, 24, 1, 6, 7, 40, 33, 38, 10, 23, 14, 5, 11, 8, 23, 1, 30, 5, 11, 18, 16, 6, 11, 5, 2, 8, 19, 15, 52, 16, 44, 22, 6, 1, 1, 36, 11, 2, 7, 9, 11, 18, 1, 27, 4, 15, 26, 5, 29, 10, 15, 13, 36, 3, 16, 8, 19, 7, 21, 3, 15, 118, 8, 13, 17, 49, 45, 22, 11, 19, 2, 8, 31, 3, 1, 22, 8, 9, 14, 2, 22, 49, 7, 19, 20, 4, 7, 33, 5, 16, 12, 11, 9, 20, 29, 43, 4, 18, 4, 3, 37, 3, 7, 5, 49, 11, 30, 9, 73, 1, 25, 2, 1, 23, 62, 45, 34, 26, 15, 14, 3, 3, 10, 1, 5, 16, 5, 40, 27, 8, 18]"
04,113,25,61,0,22294至23050(107期),241,"[20, 32, 10, 35, 2, 4, 35, 19, 21, 28, 9, 29, 7, 2, 23, 34, 6, 49, 46, 23, 21, 53, 26, 12, 27, 12, 17, 23, 9, 1, 23, 9, 10, 13, 37, 9, 27, 38, 68, 55, 23, 83, 16, 8, 3, 10, 1, 3, 48, 3, 28, 24, 2, 11, 26, 21, 6, 8, 10, 7, 14, 15, 3, 46, 34, 16, 2, 1, 22, 69, 51, 60, 19, 3, 1, 20, 18, 1, 93, 6, 41, 28, 14, 16, 6, 28, 6, 39, 30, 81, 1, 15, 10, 16, 9, 9, 2, 17, 31, 20, 2, 12, 6, 3, 5, 42, 35, 8, 6, 14, 9, 1, 13, 9, 6, 5, 10, 29, 11, 1, 12, 41, 10, 11, 73, 8, 34, 2, 36, 26, 23, 8, 9, 6, 21, 1, 1, 29, 14, 17, 7, 30, 4, 22, 81, 17, 37, 29, 12, 10, 7, 4, 97, 16, 2, 21, 15, 53, 2, 14, 38, 6, 33, 7, 25, 5, 7, 5, 107, 3, 12, 33, 15, 5, 13, 3, 2, 1, 23, 17, 10, 5, 1, 7, 1, 3, 9, 12, 10, 48, 28, 5, 1, 5, 12, 20, 5, 23, 12, 113, 11, 12, 4, 1, 8, 4, 17, 26, 21, 41, 17, 41, 23, 13, 2, 37, 6, 9, 59, 1, 24, 8, 4, 23, 10, 34, 6]"
23,112,11,126,0,23060至23157(97期),242,"[3, 12, 17, 6, 6, 20, 2, 27, 53, 70, 4, 2, 27, 5, 3, 13, 4, 1, 7, 1, 25, 9, 3, 35, 16, 11, 38, 5, 37, 20, 14, 37, 29, 13, 2, 9, 21, 29, 4, 70, 35, 1, 23, 46, 16, 7, 27, 33, 2, 7, 40, 12, 10, 12, 3, 23, 42, 9, 9, 10, 6, 28, 7, 17, 9, 2, 4, 8, 13, 26, 33, 23, 3, 69, 33, 3, 56, 36, 28, 41, 6, 6, 3, 2, 7, 22, 5, 17, 2, 42, 24, 4, 13, 8, 3, 33, 3, 28, 23, 3, 2, 19, 5, 30, 28, 19, 54, 9, 22, 7, 14, 9, 21, 16, 20, 10, 7, 7, 34, 4, 56, 6, 36, 30, 2, 8, 18, 5, 44, 8, 10, 6, 112, 36, 2, 8, 71, 41, 1, 33, 7, 21, 10, 23, 4, 27, 15, 13, 1, 31, 11, 1, 20, 9, 7, 19, 20, 38, 88, 33, 4, 20, 2, 10, 8, 4, 3, 1, 35, 12, 18, 10, 30, 26, 40, 12, 13, 1, 29, 24, 20, 12, 2, 55, 8, 23, 26, 11, 1, 6, 97, 62, 14, 21, 17, 47, 6, 9, 35, 14, 7, 33, 12, 49, 34, 8, 76, 9, 4, 15, 2, 3, 53, 22, 34, 8, 14, 4, 37, 32, 3, 15, 15, 27, 6, 31, 10, 27, 2, 8]"
06,110,16,94,0,23063至23141(78期),268,"[19, 59, 27, 15, 4, 7, 1, 8, 6, 1, 23, 27, 30, 13, 14, 42, 16, 3, 32, 4, 5, 2, 18, 24, 36, 6, 3, 55, 7, 30, 2, 4, 5, 9, 1, 54, 10, 14, 13, 19, 12, 8, 35, 23, 9, 14, 8, 43, 37, 17, 27, 13, 5, 23, 37, 4, 3, 8, 16, 6, 10, 18, 8, 27, 30, 25, 43, 5, 5, 8, 8, 27, 28, 20, 4, 9, 15, 16, 12, 35, 13, 15, 2, 32, 1, 38, 23, 64, 43, 16, 54, 11, 3, 67, 14, 50, 3, 31, 14, 5, 5, 37, 34, 10, 17, 46, 13, 13, 6, 13, 3, 24, 14, 31, 7, 6, 24, 15, 7, 7, 5, 29, 2, 11, 14, 31, 19, 60, 45, 13, 13, 3, 31, 20, 5, 48, 6, 10, 15, 4, 10, 18, 29, 8, 15, 14, 44, 5, 56, 2, 8, 28, 22, 15, 11, 1, 19, 31, 4, 7, 10, 18, 20, 25, 11, 16, 13, 25, 5, 26, 17, 15, 4, 2, 7, 14, 110, 4, 37, 1, 8, 34, 10, 4, 32, 7, 28, 43, 8, 11, 9, 8, 78, 8, 25, 5, 4, 2, 15, 36, 8, 2, 16, 2, 25, 16, 7, 10, 27, 15, 11, 2, 20, 2, 30, 16, 17, 13, 4, 6, 8, 3, 14, 1, 18, 25, 5, 13, 37, 11, 6, 7, 44, 8, 3, 2, 14, 19, 33, 18, 14, 8, 60, 3, 14, 4, 23, 51]"
25,110,0,213,0,24124至24231(107期),227,"[13, 63, 7, 84, 6, 12, 10, 3, 4, 53, 19, 40, 21, 2, 11, 13, 10, 7, 21, 81, 30, 25, 3, 9, 67, 9, 21, 3, 8, 5, 18, 63, 24, 51, 5, 4, 16, 35, 33, 37, 18, 7, 12, 10, 19, 45, 18, 22, 4, 107, 11, 35, 18, 22, 12, 14, 9, 2, 26, 28, 21, 2, 50, 30, 3, 16, 13, 8, 21, 30, 2, 110, 10, 6, 11, 56, 21, 23, 31, 6, 25, 6, 13, 49, 30, 8, 57, 19, 1, 16, 1, 56, 62, 4, 7, 56, 43, 1, 20, 15, 11, 84, 5, 48, 9, 10, 29, 23, 40, 46, 14, 21, 29, 17, 40, 19, 30, 4, 5, 5, 22, 33, 5, 5, 12, 2, 2, 61, 2, 31, 16, 26, 15, 3, 9, 4, 4, 3, 26, 23, 14, 1, 30, 13, 36, 24, 22, 13, 16, 5, 1, 6, 30, 9, 36, 23, 22, 16, 41, 7, 63, 34, 38, 4, 7, 13, 6, 12, 16, 1, 10, 8, 36, 8, 5, 20, 1, 24, 6, 33, 2, 10, 14, 6, 20, 24, 2, 107, 19, 8, 16, 19, 18, 44, 2, 5, 1, 14, 5, 8, 9, 19, 71, 1, 5, 5, 15, 1, 5, 31, 67, 20, 18]"
69,109,4,197,0,22071至22165(94期),257,"[21, 1, 33, 4, 29, 20, 5, 1, 31, 12, 9, 5, 7, 29, 8, 13, 50, 21, 43, 1, 38, 27, 23, 5, 6, 13, 22, 12, 52, 32, 27, 5, 69, 11, 11, 13, 5, 109, 39, 9, 26, 1, 24, 7, 5, 4, 42, 13, 1, 6, 24, 14, 19, 7, 6, 12, 2, 22, 6, 6, 6, 1, 9, 13, 19, 5, 10, 12, 4, 62, 33, 6, 1, 5, 28, 40, 13, 1, 3, 5, 26, 3, 22, 6, 7, 20, 10, 1, 38, 26, 11, 48, 1, 30, 19, 10, 3, 26, 28, 14, 7, 1, 10, 7, 8, 54, 7, 4, 11, 25, 10, 5, 14, 34, 8, 2, 5, 46, 12, 31, 28, 60, 1, 61, 28, 25, 2, 56, 12, 85, 25, 2, 8, 8, 10, 4, 2, 33, 3, 6, 12, 6, 16, 15, 17, 10, 25, 2, 14, 3, 8, 7, 1, 40, 47, 34, 31, 48, 45, 7, 7, 13, 50, 9, 21, 1, 8, 9, 16, 42, 31, 9, 4, 10, 11, 11, 7, 14, 6, 94, 1, 66, 39, 3, 9, 29, 51, 27, 9, 2, 6, 34, 17, 12, 4, 13, 1, 8, 14, 40, 6, 28, 5, 4, 19, 5, 28, 27, 49, 16, 4, 9, 33, 24, 4, 17, 11, 14, 39, 24, 37, 5, 3, 10, 3, 7, 26, 28, 13, 36, 1, 3, 27, 3, 1, 25, 2, 56, 2, 16, 28, 52, 14, 11]"
57,108,17,90,0,16134至16222(88期),266,"[1, 12, 18, 10, 6, 23, 17, 4, 37, 14, 8, 26, 30, 36, 7, 9, 9, 14, 11, 3, 28, 3, 16, 32, 15, 17, 8, 9, 4, 27, 15, 8, 10, 33, 9, 18, 9, 29, 51, 11, 26, 4, 39, 31, 7, 1, 14, 32, 10, 31, 24, 3, 3, 9, 5, 8, 3, 15, 35, 44, 17, 6, 10, 12, 34, 3, 17, 53, 88, 8, 12, 4, 85, 1, 5, 7, 2, 7, 5, 13, 12, 4, 63, 13, 29, 16, 4, 24, 8, 13, 1, 12, 27, 12, 23, 27, 6, 19, 2, 2, 4, 20, 34, 26, 20, 8, 12, 4, 4, 12, 1, 20, 18, 4, 14, 69, 1, 28, 1, 1, 2, 6, 11, 38, 19, 3, 42, 15, 32, 24, 5, 3, 32, 21, 49, 2, 30, 34, 9, 108, 24, 14, 12, 31, 5, 19, 61, 14, 16, 21, 80, 20, 50, 1, 21, 8, 14, 7, 45, 6, 3, 16, 4, 22, 17, 13, 14, 10, 15, 3, 20, 27, 11, 2, 15, 49, 6, 12, 9, 4, 24, 4, 9, 16, 6, 18, 15, 16, 13, 30, 3, 3, 3, 17, 7, 1, 2, 9, 38, 39, 9, 2, 21, 24, 7, 25, 38, 15, 20, 8, 5, 8, 9, 13, 16, 5, 16, 17, 8, 38, 36, 22, 11, 4, 19, 18, 42, 35, 26, 7, 8, 32, 5, 7, 26, 55, 7, 17, 16, 4, 13, 77, 9, 9, 1, 25, 40, 30]"
28,106,11,131,0,19296至20039(94期),265,"[8, 22, 2, 2, 32, 6, 6, 4, 15, 10, 27, 2, 1, 27, 59, 5, 55, 38, 18, 24, 3, 4, 1, 15, 6, 26, 33, 5, 4, 6, 2, 10, 1, 12, 15, 3, 12, 25, 2, 22, 1, 4, 5, 47, 2, 2, 1, 30, 13, 20, 32, 7, 2, 14, 4, 19, 81, 8, 21, 22, 3, 35, 10, 8, 7, 11, 11, 2, 28, 9, 7, 4, 22, 25, 33, 33, 1, 29, 2, 61, 26, 5, 17, 8, 27, 20, 12, 35, 10, 24, 1, 25, 14, 7, 8, 2, 24, 25, 15, 2, 7, 24, 7, 28, 2, 22, 1, 77, 15, 26, 2, 54, 4, 18, 19, 12, 16, 11, 10, 4, 19, 15, 28, 9, 10, 13, 27, 2, 6, 11, 7, 16, 19, 40, 51, 1, 7, 24, 11, 7, 11, 29, 6, 2, 23, 21, 13, 15, 24, 1, 94, 3, 16, 12, 10, 3, 2, 8, 5, 19, 34, 5, 10, 7, 46, 25, 36, 5, 49, 6, 3, 37, 13, 3, 6, 22, 30, 10, 20, 2, 2, 28, 1, 2, 7, 3, 52, 63, 32, 34, 10, 2, 14, 13, 1, 6, 34, 48, 7, 36, 1, 73, 3, 9, 18, 37, 6, 20, 25, 24, 8, 22, 14, 20, 16, 8, 24, 47, 15, 15, 4, 32, 15, 19, 46, 4, 34, 11, 12, 7, 43, 6, 16, 22, 90, 106, 61, 3, 14, 63, 4, 17, 1, 16, 14, 28]"
14,106,5,192,0,14300至15034(91期),270,"[7, 32, 11, 5, 4, 24, 10, 9, 24, 28, 3, 3, 22, 8, 9, 1, 42, 20, 11, 49, 26, 37, 13, 1, 26, 1, 5, 3, 22, 16, 30, 4, 9, 4, 41, 4, 7, 12, 3, 8, 91, 8, 18, 4, 18, 14, 6, 23, 3, 10, 20, 11, 26, 10, 16, 47, 9, 4, 5, 35, 11, 11, 3, 2, 38, 25, 1, 2, 15, 7, 7, 3, 9, 39, 3, 27, 2, 4, 10, 3, 13, 72, 34, 4, 20, 12, 18, 13, 10, 23, 26, 6, 7, 5, 7, 14, 38, 8, 42, 9, 9, 17, 33, 32, 3, 41, 18, 36, 14, 1, 17, 15, 2, 15, 106, 28, 18, 9, 17, 12, 7, 11, 5, 30, 24, 28, 12, 14, 1, 65, 3, 35, 28, 37, 24, 30, 5, 5, 46, 26, 23, 2, 1, 14, 2, 7, 11, 25, 2, 16, 8, 1, 8, 32, 42, 6, 16, 9, 2, 20, 3, 26, 16, 9, 26, 6, 8, 14, 5, 18, 53, 30, 28, 9, 4, 31, 63, 33, 19, 23, 9, 24, 15, 12, 15, 3, 14, 17, 8, 35, 8, 4, 32, 11, 2, 9, 2, 14, 4, 38, 1, 22, 13, 28, 46, 5, 13, 21, 8, 3, 14, 2, 27, 42, 4, 52, 5, 21, 6, 2, 24, 8, 20, 24, 37, 50, 8, 11, 3, 1, 6, 24, 32, 7, 15, 10, 16, 11, 27, 16, 54, 21, 13, 3, 1, 10, 10, 2, 28, 26, 17, 62, 5, 16, 53, 3]"
56,104,43,14,0,22059至22153(94期),275,"[2, 15, 7, 1, 3, 18, 8, 47, 24, 5, 12, 17, 4, 13, 18, 11, 7, 74, 21, 9, 26, 16, 2, 19, 5, 17, 40, 1, 11, 17, 19, 73, 1, 42, 27, 28, 11, 13, 21, 37, 32, 11, 16, 12, 9, 1, 1, 77, 9, 31, 10, 21, 44, 7, 9, 28, 27, 5, 28, 6, 2, 9, 13, 31, 13, 7, 10, 24, 3, 1, 57, 32, 16, 20, 7, 2, 14, 11, 5, 10, 2, 6, 41, 7, 1, 18, 13, 23, 31, 1, 8, 26, 38, 17, 17, 3, 28, 27, 14, 15, 11, 4, 43, 10, 5, 21, 10, 13, 14, 1, 6, 33, 7, 8, 21, 35, 7, 36, 16, 30, 104, 18, 24, 12, 12, 6, 5, 19, 2, 2, 29, 12, 14, 29, 12, 20, 27, 33, 18, 9, 14, 12, 60, 4, 10, 3, 19, 21, 18, 10, 65, 28, 4, 14, 32, 17, 7, 39, 7, 2, 6, 9, 5, 19, 44, 6, 19, 10, 14, 1, 12, 10, 11, 5, 2, 4, 18, 14, 15, 10, 4, 9, 3, 10, 7, 18, 94, 4, 21, 30, 21, 6, 15, 5, 5, 30, 7, 20, 6, 15, 24, 24, 7, 9, 3, 40, 36, 11, 7, 16, 1, 39, 14, 18, 21, 7, 3, 4, 36, 7, 8, 8, 7, 1, 15, 10, 10, 39, 5, 14, 8, 13, 4, 20, 56, 1, 9, 23, 19, 9, 68, 3, 1, 1, 7, 19, 10, 5, 8, 50, 3, 13, 16, 33, 23, 15, 27, 19, 1, 2]"
59,104,19,85,0,25035至25128(93期),249,"[32, 18, 3, 19, 1, 75, 6, 15, 6, 6, 13, 5, 16, 34, 32, 3, 5, 61, 14, 12, 4, 32, 30, 13, 1, 4, 23, 35, 8, 58, 20, 21, 43, 3, 29, 26, 8, 60, 14, 27, 10, 6, 34, 6, 70, 3, 23, 9, 48, 34, 1, 43, 1, 3, 2, 2, 9, 3, 5, 3, 33, 19, 26, 30, 24, 28, 9, 12, 7, 14, 32, 4, 11, 6, 14, 4, 5, 8, 21, 1, 1, 48, 2, 5, 10, 8, 35, 37, 40, 19, 27, 15, 1, 27, 33, 36, 25, 23, 34, 19, 1, 1, 59, 21, 8, 15, 36, 15, 5, 1, 59, 33, 38, 23, 4, 4, 13, 11, 16, 22, 84, 6, 47, 8, 3, 19, 8, 13, 104, 80, 19, 28, 13, 18, 1, 7, 11, 43, 8, 58, 5, 3, 7, 18, 15, 17, 1, 15, 12, 9, 25, 6, 2, 2, 20, 7, 16, 1, 5, 4, 23, 73, 93, 8, 18, 20, 8, 13, 11, 11, 38, 27, 4, 4, 41, 5, 31, 12, 5, 26, 10, 8, 12, 1, 13, 38, 4, 1, 10, 1, 21, 45, 2, 15, 17, 4, 42, 1, 54, 27, 35, 1, 3, 19, 1, 3, 35, 27, 1, 29, 6, 9, 11, 16, 9, 62, 30, 3, 11, 24, 93, 3, 22, 22, 41, 15, 5, 27, 1]"
03,102,12,121,0,20093至20184(91期),253,"[9, 4, 9, 16, 7, 9, 18, 22, 9, 25, 16, 8, 19, 22, 19, 4, 39, 19, 23, 2, 9, 10, 3, 10, 10, 4, 8, 4, 77, 8, 47, 3, 3, 17, 8, 9, 17, 20, 19, 7, 21, 2, 28, 10, 27, 20, 43, 8, 6, 3, 4, 5, 41, 44, 53, 102, 1, 43, 5, 5, 23, 19, 20, 5, 6, 2, 7, 2, 4, 20, 51, 15, 2, 28, 69, 40, 1, 10, 82, 11, 5, 11, 9, 20, 1, 16, 21, 25, 13, 1, 24, 47, 39, 11, 18, 9, 30, 9, 21, 8, 12, 10, 21, 11, 31, 13, 4, 7, 4, 42, 7, 11, 23, 13, 6, 18, 38, 14, 2, 12, 36, 4, 4, 14, 9, 23, 3, 44, 4, 68, 11, 9, 58, 2, 13, 1, 26, 16, 10, 39, 1, 16, 91, 36, 18, 26, 45, 3, 14, 15, 6, 20, 1, 18, 13, 5, 6, 3, 17, 38, 21, 38, 13, 16, 27, 21, 30, 17, 11, 11, 3, 26, 44, 7, 7, 11, 21, 2, 6, 16, 21, 10, 7, 9, 1, 4, 40, 77, 4, 5, 10, 19, 5, 1, 27, 35, 81, 27, 4, 59, 22, 27, 17, 3, 1, 1, 10, 3, 14, 1, 4, 39, 43, 17, 15, 8, 28, 50, 2, 18, 12, 9, 4, 27, 42, 71, 29, 11, 21, 4, 34, 21, 77, 38]"
29,102,4,186,0,20063至20161(98期),247,"[4, 1, 5, 32, 1, 22, 6, 14, 6, 14, 30, 20, 24, 14, 15, 16, 2, 2, 19, 25, 8, 42, 24, 26, 10, 4, 23, 11, 15, 55, 26, 15, 1, 6, 16, 11, 2, 1, 30, 15, 14, 3, 102, 11, 22, 41, 25, 1, 62, 12, 39, 18, 15, 6, 13, 37, 2, 63, 7, 8, 32, 3, 5, 3, 8, 2, 93, 16, 8, 1, 6, 29, 54, 51, 13, 85, 28, 15, 20, 54, 5, 19, 3, 17, 17, 30, 14, 22, 17, 3, 1, 9, 16, 27, 20, 23, 29, 6, 4, 3, 11, 9, 21, 12, 46, 29, 5, 28, 4, 1, 10, 2, 8, 18, 18, 2, 18, 4, 28, 49, 63, 6, 13, 17, 10, 8, 3, 2, 4, 25, 2, 16, 51, 30, 98, 19, 32, 11, 34, 37, 23, 11, 41, 15, 1, 39, 72, 18, 4, 2, 1, 8, 28, 5, 56, 1, 6, 10, 23, 35, 12, 3, 8, 24, 12, 5, 21, 4, 9, 10, 1, 21, 14, 28, 41, 3, 3, 1, 39, 24, 2, 7, 22, 27, 24, 24, 18, 1, 19, 23, 30, 7, 4, 37, 27, 1, 11, 24, 15, 69, 20, 6, 23, 2, 23, 18, 40, 3, 14, 23, 4, 11, 7, 55, 17, 15, 18, 31, 8, 6, 11, 15, 1, 25, 36, 3, 27, 4, 23, 20, 14, 19, 6, 16, 38, 15, 14]"
68,101,6,170,0,20308至21070(75期),262,"[5, 12, 39, 56, 14, 19, 16, 2, 18, 9, 9, 8, 22, 16, 2, 8, 4, 18, 10, 12, 3, 10, 15, 11, 30, 10, 52, 3, 8, 4, 5, 11, 3, 16, 3, 4, 12, 1, 36, 33, 20, 45, 17, 5, 6, 6, 1, 6, 15, 7, 34, 39, 39, 18, 19, 30, 8, 2, 21, 1, 1, 2, 24, 44, 32, 59, 10, 39, 4, 40, 23, 4, 12, 34, 42, 55, 15, 2, 38, 40, 9, 41, 1, 15, 34, 12, 18, 1, 35, 24, 1, 41, 4, 4, 34, 10, 2, 34, 10, 2, 6, 17, 10, 36, 8, 44, 42, 37, 27, 52, 51, 50, 7, 30, 28, 1, 48, 73, 21, 17, 17, 25, 1, 4, 20, 14, 2, 6, 6, 12, 47, 8, 14, 3, 22, 12, 2, 14, 46, 8, 5, 13, 4, 23, 31, 2, 17, 75, 9, 53, 16, 4, 6, 4, 4, 36, 4, 7, 5, 31, 3, 6, 31, 21, 15, 14, 23, 7, 48, 8, 21, 19, 49, 5, 12, 12, 11, 22, 15, 1, 6, 25, 1, 42, 34, 2, 2, 4, 7, 25, 5, 2, 4, 8, 4, 16, 7, 2, 9, 2, 9, 21, 6, 11, 7, 6, 13, 7, 101, 16, 31, 50, 3, 3, 23, 18, 20, 4, 47, 2, 2, 24, 4, 31, 1, 5, 36, 48, 11, 7, 23, 12, 12, 5, 42, 11, 24, 3, 30, 27, 24, 11, 1, 5, 14, 2, 11, 12, 34]"
24,101,5,175,0,15185至15281(96期),247,"[45, 40, 16, 11, 45, 17, 49, 22, 12, 3, 12, 4, 12, 5, 14, 14, 1, 14, 26, 21, 28, 42, 17, 3, 29, 3, 8, 17, 10, 15, 10, 25, 23, 12, 12, 15, 4, 18, 13, 4, 19, 15, 65, 24, 10, 7, 2, 3, 96, 3, 28, 10, 1, 12, 46, 7, 21, 50, 10, 35, 19, 44, 37, 11, 24, 8, 29, 21, 46, 14, 10, 24, 54, 33, 4, 6, 13, 25, 4, 2, 27, 20, 80, 17, 33, 25, 22, 24, 3, 6, 20, 38, 47, 3, 24, 23, 1, 20, 55, 21, 59, 22, 4, 5, 64, 23, 8, 12, 2, 18, 33, 9, 5, 10, 8, 1, 25, 19, 56, 24, 5, 4, 3, 11, 9, 13, 10, 1, 25, 9, 27, 11, 27, 30, 9, 28, 43, 12, 23, 28, 1, 56, 7, 53, 8, 4, 4, 40, 20, 25, 17, 23, 1, 14, 53, 14, 2, 41, 5, 20, 2, 22, 10, 32, 55, 8, 22, 23, 3, 9, 2, 6, 1, 34, 21, 101, 27, 14, 23, 8, 11, 6, 32, 4, 13, 20, 20, 27, 37, 1, 1, 13, 5, 5, 14, 3, 6, 28, 21, 11, 11, 24, 6, 8, 40, 32, 59, 17, 46, 63, 31, 5, 5, 18, 4, 2, 16, 3, 9, 9, 19, 1, 60, 9]"
47,100,45,21,0,16239至16333(94期),274,"[1, 5, 3, 16, 11, 69, 9, 22, 3, 15, 8, 7, 18, 18, 4, 22, 35, 24, 2, 8, 11, 23, 47, 9, 17, 35, 37, 33, 24, 16, 15, 13, 1, 11, 1, 23, 9, 21, 5, 6, 14, 21, 8, 8, 4, 10, 1, 8, 27, 15, 6, 9, 16, 32, 60, 3, 15, 32, 17, 42, 1, 26, 6, 57, 1, 38, 4, 2, 27, 44, 7, 12, 8, 2, 7, 1, 94, 17, 3, 2, 16, 14, 53, 10, 9, 7, 34, 71, 36, 15, 14, 6, 4, 20, 12, 12, 32, 33, 20, 6, 10, 4, 43, 10, 20, 12, 7, 28, 24, 3, 2, 14, 9, 4, 13, 10, 46, 12, 15, 9, 10, 5, 3, 3, 40, 2, 12, 6, 3, 49, 4, 53, 14, 1, 13, 3, 18, 3, 2, 7, 40, 3, 2, 29, 10, 15, 43, 35, 5, 9, 2, 11, 6, 28, 9, 28, 11, 9, 4, 3, 64, 57, 1, 2, 4, 1, 1, 33, 1, 4, 6, 39, 20, 16, 6, 20, 21, 8, 19, 1, 100, 9, 9, 64, 20, 39, 11, 1, 12, 1, 37, 49, 20, 58, 19, 53, 31, 3, 6, 2, 2, 24, 39, 21, 12, 27, 35, 3, 39, 5, 59, 18, 11, 6, 3, 3, 7, 2, 55, 51, 25, 4, 10, 4, 1, 8, 11, 15, 9, 25, 14, 11, 8, 6, 5, 12, 56, 10, 3, 7, 12, 1, 12, 16, 27, 6, 5, 11, 14, 17, 2, 14, 45, 14]"
36,100,13,117,0,16145至16217(72期),243,"[3, 15, 1, 27, 2, 5, 3, 24, 7, 19, 3, 18, 17, 12, 9, 9, 8, 62, 34, 8, 11, 10, 8, 10, 7, 1, 6, 4, 6, 19, 40, 19, 3, 13, 15, 72, 35, 17, 57, 16, 3, 12, 24, 2, 5, 2, 39, 25, 19, 18, 9, 13, 30, 33, 1, 31, 5, 17, 21, 44, 5, 11, 29, 3, 1, 2, 30, 10, 3, 44, 8, 72, 30, 19, 15, 29, 17, 38, 17, 20, 26, 13, 2, 8, 6, 11, 15, 18, 17, 1, 1, 30, 20, 13, 34, 1, 32, 11, 3, 10, 15, 14, 11, 18, 2, 6, 4, 3, 1, 10, 14, 4, 16, 41, 4, 1, 2, 21, 6, 5, 5, 15, 67, 7, 23, 4, 2, 31, 3, 16, 38, 4, 54, 7, 37, 33, 3, 6, 6, 25, 35, 18, 25, 21, 29, 13, 55, 36, 4, 2, 5, 12, 19, 32, 5, 44, 1, 3, 22, 100, 5, 12, 18, 60, 22, 9, 16, 67, 53, 1, 20, 35, 4, 14, 25, 8, 30, 6, 10, 14, 63, 54, 10, 46, 28, 9, 9, 58, 60, 64, 14, 2, 9, 32, 3, 5, 26, 22, 11, 27, 9, 23, 10, 28, 27, 1, 49, 8, 6, 6, 5, 4, 27, 13, 3, 32, 57, 49, 56, 2, 20, 100, 52, 28, 28, 5, 10, 20, 7, 15]"
15,97,43,20,0,17244至17315(71期),239,"[22, 36, 3, 5, 41, 15, 5, 17, 32, 18, 17, 52, 14, 46, 40, 39, 5, 24, 38, 21, 43, 23, 52, 9, 6, 36, 8, 26, 2, 34, 4, 40, 15, 16, 7, 31, 26, 29, 20, 5, 18, 31, 1, 5, 5, 2, 20, 6, 24, 26, 56, 19, 19, 39, 17, 12, 29, 15, 7, 18, 14, 13, 5, 45, 4, 13, 5, 34, 16, 37, 39, 17, 1, 2, 7, 3, 14, 15, 5, 14, 11, 7, 71, 7, 3, 20, 9, 2, 25, 37, 12, 7, 24, 1, 1, 30, 8, 3, 2, 1, 44, 33, 17, 3, 11, 40, 25, 35, 14, 17, 3, 6, 7, 3, 1, 9, 5, 3, 35, 23, 14, 25, 18, 21, 11, 4, 21, 6, 10, 33, 17, 21, 10, 3, 1, 32, 8, 45, 67, 25, 20, 1, 9, 29, 41, 1, 60, 69, 32, 11, 15, 5, 14, 8, 55, 64, 6, 4, 19, 16, 18, 17, 1, 17, 68, 6, 7, 1, 7, 7, 36, 5, 8, 19, 6, 13, 4, 3, 16, 55, 21, 18, 14, 97, 8, 54, 15, 26, 27, 46, 32, 15, 12, 26, 28, 1, 14, 41, 1, 6, 22, 7, 28, 11, 59, 6, 13, 13, 5, 3, 38, 31, 38, 21, 31, 2, 4, 20, 1, 8, 28, 49, 29, 4, 10, 5, 21]"
13,97,9,153,0,13268至13358(90期),273,"[24, 5, 6, 10, 24, 21, 31, 18, 32, 15, 18, 90, 1, 37, 12, 40, 17, 3, 4, 18, 7, 4, 1, 4, 7, 13, 47, 12, 19, 10, 15, 4, 7, 20, 9, 7, 1, 5, 14, 30, 25, 9, 17, 22, 6, 11, 16, 5, 8, 3, 7, 4, 2, 5, 39, 2, 46, 15, 31, 8, 21, 22, 9, 64, 10, 1, 19, 38, 18, 6, 18, 4, 8, 1, 35, 6, 20, 9, 4, 2, 7, 24, 13, 9, 9, 13, 6, 10, 20, 19, 5, 32, 6, 6, 3, 18, 19, 6, 4, 2, 14, 20, 11, 13, 16, 8, 16, 1, 15, 2, 6, 11, 19, 12, 20, 23, 4, 1, 31, 13, 21, 9, 46, 2, 14, 7, 17, 31, 3, 6, 15, 1, 12, 9, 22, 9, 4, 23, 1, 26, 27, 21, 6, 2, 3, 13, 5, 14, 6, 20, 5, 21, 12, 5, 3, 10, 32, 2, 2, 52, 10, 1, 6, 15, 17, 80, 27, 7, 49, 32, 46, 19, 4, 12, 8, 11, 20, 6, 18, 4, 12, 46, 4, 17, 5, 34, 10, 65, 24, 97, 11, 41, 27, 10, 28, 26, 33, 7, 2, 13, 5, 1, 17, 59, 7, 4, 6, 32, 1, 43, 7, 19, 25, 12, 3, 27, 6, 12, 13, 50, 8, 13, 51, 10, 18, 7, 43, 18, 6, 44, 26, 5, 40, 72, 3, 43, 53, 26, 5, 1, 8, 10, 2, 20, 31, 9, 53, 26, 10, 11, 22, 23, 16, 4, 62, 6, 12, 32, 15, 2]"
34,96,9,136,0,21008至21083(75期),225,"[11, 7, 64, 3, 2, 13, 23, 12, 51, 2, 15, 16, 35, 3, 23, 5, 14, 57, 31, 6, 5, 36, 7, 2, 41, 3, 14, 4, 21, 69, 61, 10, 37, 3, 8, 49, 23, 49, 7, 34, 38, 7, 16, 11, 7, 2, 15, 1, 10, 13, 16, 11, 18, 7, 9, 5, 8, 4, 5, 9, 19, 36, 11, 4, 54, 6, 5, 5, 3, 13, 8, 22, 52, 3, 20, 31, 29, 49, 8, 25, 2, 47, 14, 6, 5, 34, 9, 73, 25, 23, 4, 15, 18, 19, 2, 13, 10, 59, 25, 13, 3, 15, 5, 16, 6, 26, 32, 43, 15, 36, 2, 13, 41, 1, 28, 9, 38, 21, 8, 3, 14, 22, 20, 7, 16, 2, 4, 2, 68, 52, 19, 11, 27, 2, 5, 58, 8, 54, 26, 4, 25, 41, 1, 75, 38, 5, 9, 14, 14, 17, 16, 15, 4, 37, 3, 32, 13, 26, 12, 2, 16, 96, 51, 30, 25, 11, 45, 2, 44, 26, 38, 2, 15, 96, 28, 13, 1, 4, 2, 5, 25, 11, 44, 9, 35, 8, 18, 17, 13, 68, 9, 6, 22, 12, 4, 13, 66, 9, 45, 21, 46, 2, 8, 21, 33, 24, 28, 30, 31, 27, 1, 5, 53, 1, 48]"
39,94,1,238,0,15111至15197(86期),258,"[21, 3, 4, 19, 11, 7, 8, 2, 5, 2, 27, 9, 1, 10, 3, 33, 12, 14, 4, 14, 3, 58, 13, 35, 1, 2, 13, 15, 14, 34, 18, 1, 19, 10, 31, 38, 8, 6, 9, 3, 20, 3, 13, 36, 49, 36, 6, 3, 2, 31, 1, 22, 86, 12, 43, 15, 7, 5, 14, 1, 18, 14, 18, 10, 59, 16, 16, 11, 20, 12, 3, 37, 3, 1, 40, 21, 19, 8, 19, 18, 4, 2, 10, 50, 4, 10, 14, 12, 13, 5, 6, 52, 10, 9, 2, 14, 9, 4, 2, 28, 27, 32, 21, 20, 3, 11, 14, 5, 32, 23, 6, 3, 28, 8, 5, 20, 14, 8, 7, 18, 20, 32, 9, 9, 13, 30, 15, 8, 22, 8, 6, 8, 29, 58, 10, 69, 11, 13, 4, 9, 45, 26, 65, 44, 5, 4, 15, 9, 6, 11, 14, 9, 6, 7, 23, 31, 15, 37, 6, 1, 59, 27, 36, 7, 23, 29, 19, 1, 35, 15, 6, 5, 7, 7, 1, 6, 2, 6, 59, 6, 20, 29, 4, 3, 66, 4, 11, 10, 42, 3, 2, 19, 7, 16, 17, 8, 24, 2, 24, 35, 6, 3, 16, 19, 9, 28, 42, 51, 8, 2, 19, 62, 10, 32, 14, 17, 2, 1, 63, 17, 15, 3, 26, 1, 32, 1, 13, 5, 20, 25, 11, 35, 7, 17, 2, 39, 53, 44, 2, 27, 32, 3, 35, 94, 12, 5, 43, 10, 19, 37]"
78,93,22,63,0,21215至21307(92期),291,"[14, 29, 23, 9, 41, 20, 31, 3, 22, 23, 19, 3, 8, 11, 5, 19, 18, 17, 19, 36, 13, 8, 7, 2, 6, 8, 14, 20, 3, 55, 4, 9, 1, 11, 2, 11, 6, 21, 9, 2, 1, 49, 5, 3, 21, 5, 8, 11, 15, 7, 2, 8, 15, 19, 2, 25, 1, 7, 31, 16, 5, 3, 12, 52, 38, 17, 12, 58, 30, 16, 14, 22, 22, 21, 4, 10, 34, 4, 14, 26, 42, 9, 9, 9, 12, 24, 3, 45, 16, 16, 40, 19, 1, 7, 14, 5, 15, 7, 29, 2, 21, 37, 3, 34, 25, 3, 23, 13, 28, 38, 24, 4, 38, 11, 18, 19, 6, 1, 1, 2, 16, 1, 14, 10, 55, 4, 11, 1, 5, 7, 26, 4, 2, 20, 1, 11, 20, 14, 5, 1, 14, 1, 31, 5, 5, 11, 6, 29, 16, 6, 2, 2, 19, 16, 5, 6, 47, 17, 29, 22, 17, 4, 26, 6, 10, 23, 1, 16, 21, 22, 40, 1, 12, 26, 5, 15, 33, 4, 2, 24, 9, 27, 20, 13, 9, 65, 16, 8, 7, 3, 1, 9, 6, 25, 92, 10, 2, 19, 65, 6, 7, 8, 16, 49, 3, 5, 22, 12, 27, 4, 8, 13, 8, 70, 24, 3, 4, 4, 14, 21, 12, 58, 64, 5, 61, 1, 14, 13, 93, 27, 9, 30, 3, 1, 17, 23, 22, 2, 20, 10, 2, 2, 27, 29, 11, 4, 9, 7, 8, 3, 10, 15, 1, 69, 4, 13, 20, 5, 9, 8, 1, 24, 50, 6, 10, 6, 7, 27, 17, 4]"
37,92,17,94,0,19138至19214(76期),262,"[11, 4, 31, 11, 26, 10, 2, 10, 23, 6, 25, 15, 1, 12, 32, 9, 11, 72, 16, 18, 24, 24, 24, 28, 8, 42, 45, 13, 3, 22, 18, 6, 12, 4, 4, 10, 8, 26, 36, 42, 21, 16, 6, 7, 58, 56, 20, 31, 30, 15, 37, 29, 12, 3, 13, 14, 14, 4, 14, 6, 6, 6, 8, 8, 33, 7, 10, 14, 1, 4, 30, 18, 2, 19, 3, 19, 27, 6, 6, 22, 30, 7, 40, 22, 13, 5, 4, 4, 12, 29, 20, 7, 20, 3, 11, 23, 18, 11, 13, 29, 34, 4, 19, 21, 9, 2, 23, 56, 7, 6, 12, 2, 10, 15, 6, 20, 14, 1, 5, 13, 53, 37, 13, 37, 5, 14, 57, 7, 76, 8, 2, 15, 73, 9, 62, 12, 18, 10, 70, 10, 16, 47, 15, 3, 15, 37, 29, 5, 14, 36, 3, 9, 10, 22, 54, 21, 11, 6, 10, 28, 17, 2, 7, 8, 1, 9, 65, 6, 2, 34, 7, 11, 8, 10, 13, 49, 28, 12, 21, 17, 5, 1, 4, 2, 22, 4, 24, 14, 31, 7, 5, 4, 4, 23, 25, 4, 16, 13, 31, 12, 5, 2, 30, 13, 15, 5, 15, 15, 49, 37, 27, 28, 9, 13, 49, 43, 3, 7, 29, 25, 34, 10, 10, 34, 9, 4, 31, 12, 13, 7, 12, 19, 1, 22, 5, 36, 15, 92, 18, 9, 20, 1, 10, 2, 5]"
09,92,14,117,0,19093至19169(76期),256,"[4, 20, 24, 25, 2, 1, 14, 10, 67, 6, 3, 21, 6, 12, 48, 4, 19, 28, 9, 58, 1, 7, 18, 4, 57, 26, 26, 25, 65, 15, 14, 19, 35, 6, 15, 20, 7, 16, 17, 38, 4, 21, 36, 7, 19, 39, 6, 23, 31, 21, 17, 8, 16, 53, 11, 17, 6, 11, 40, 11, 24, 39, 1, 7, 9, 2, 20, 3, 8, 43, 21, 10, 17, 13, 92, 5, 27, 17, 2, 22, 21, 7, 3, 3, 8, 1, 48, 11, 9, 18, 2, 4, 16, 7, 4, 20, 20, 43, 43, 3, 3, 15, 58, 17, 16, 29, 17, 58, 7, 75, 76, 3, 15, 1, 46, 19, 1, 18, 17, 3, 8, 2, 45, 18, 5, 19, 7, 12, 19, 18, 19, 74, 4, 18, 19, 26, 8, 11, 2, 14, 37, 47, 9, 13, 5, 5, 6, 9, 2, 44, 21, 11, 47, 20, 19, 10, 16, 15, 2, 7, 72, 9, 11, 9, 15, 1, 7, 10, 43, 1, 5, 8, 8, 9, 53, 7, 7, 33, 1, 34, 9, 17, 14, 32, 7, 2, 2, 10, 28, 8, 11, 24, 8, 16, 11, 3, 12, 34, 2, 14, 2, 4, 8, 15, 15, 28, 11, 27, 3, 7, 40, 10, 14, 31, 15, 9, 40, 16, 4, 17, 5, 48, 28, 11, 7, 15, 5, 9, 8, 4, 4, 12, 4, 7, 58, 45, 20, 14, 27, 8, 59, 16, 8, 1]"
27,91,23,59,0,16240至16326(86期),258,"[16, 28, 27, 3, 22, 12, 48, 17, 15, 36, 10, 34, 5, 21, 19, 5, 12, 8, 3, 9, 91, 32, 2, 16, 23, 23, 60, 20, 19, 1, 12, 5, 11, 13, 23, 34, 27, 5, 3, 10, 8, 57, 17, 9, 34, 58, 16, 3, 75, 22, 12, 20, 7, 11, 33, 12, 51, 24, 86, 2, 17, 3, 51, 51, 16, 23, 19, 21, 20, 1, 7, 21, 20, 14, 18, 13, 14, 10, 10, 14, 3, 10, 26, 10, 19, 47, 58, 29, 91, 22, 7, 18, 24, 62, 1, 18, 21, 7, 46, 69, 37, 28, 14, 4, 4, 25, 27, 13, 14, 47, 31, 19, 32, 9, 18, 44, 4, 7, 28, 4, 31, 3, 37, 2, 6, 12, 9, 3, 8, 5, 9, 10, 14, 5, 6, 9, 3, 4, 10, 24, 3, 29, 12, 21, 17, 16, 20, 9, 1, 39, 16, 6, 4, 12, 6, 11, 25, 21, 10, 39, 13, 4, 3, 21, 35, 6, 10, 19, 1, 25, 41, 17, 19, 11, 6, 11, 11, 39, 4, 2, 17, 22, 7, 7, 1, 19, 12, 7, 11, 19, 51, 10, 29, 16, 14, 26, 7, 33, 15, 13, 4, 1, 21, 16, 4, 6, 13, 9, 18, 6, 41, 5, 33, 3, 11, 21, 16, 4, 10, 7, 7, 36, 20, 1, 11, 4, 7, 5, 8, 19, 17, 14, 30, 7, 15, 1, 26, 25, 22, 13, 1, 2, 6]"
49,88,25,55,0,21331至22063(83期),266,"[23, 4, 3, 12, 20, 21, 1, 26, 10, 7, 4, 4, 38, 25, 2, 15, 10, 36, 27, 67, 8, 20, 9, 12, 6, 13, 4, 47, 47, 4, 6, 26, 6, 4, 12, 1, 15, 56, 1, 33, 2, 6, 5, 81, 73, 16, 43, 64, 37, 2, 29, 3, 33, 19, 6, 14, 14, 22, 8, 15, 2, 7, 19, 1, 2, 73, 8, 5, 19, 30, 30, 18, 23, 4, 18, 19, 6, 9, 88, 1, 28, 18, 3, 26, 23, 38, 22, 27, 9, 40, 4, 13, 41, 15, 17, 12, 10, 7, 33, 10, 7, 5, 23, 11, 23, 3, 6, 57, 14, 4, 23, 21, 7, 4, 2, 4, 55, 10, 29, 8, 23, 19, 11, 12, 26, 5, 1, 24, 13, 18, 6, 4, 32, 12, 10, 6, 8, 41, 4, 25, 8, 6, 35, 7, 33, 6, 4, 35, 12, 12, 9, 30, 4, 19, 20, 1, 5, 4, 17, 1, 4, 28, 25, 14, 1, 2, 8, 4, 6, 46, 82, 18, 2, 83, 68, 1, 4, 5, 24, 23, 47, 18, 17, 16, 11, 4, 2, 51, 32, 9, 6, 8, 25, 12, 11, 15, 20, 4, 24, 1, 3, 24, 4, 1, 19, 15, 1, 16, 4, 47, 36, 19, 4, 2, 10, 4, 1, 2, 23, 15, 31, 4, 30, 12, 3, 13, 7, 1, 17, 19, 15, 1, 4, 22, 14, 21, 21, 17, 12, 9, 21, 28, 27, 48, 40, 3, 11, 3, 42, 16, 12]"
46,86,34,37,0,16209至16293(84期),249,"[19, 2, 5, 13, 12, 4, 21, 24, 7, 50, 2, 27, 19, 24, 11, 2, 33, 3, 6, 64, 39, 23, 21, 3, 33, 3, 72, 5, 24, 1, 20, 8, 3, 26, 41, 4, 31, 2, 8, 41, 25, 20, 10, 31, 3, 1, 16, 15, 6, 40, 13, 4, 7, 31, 3, 8, 14, 16, 6, 5, 46, 32, 12, 35, 21, 9, 6, 3, 24, 84, 10, 18, 27, 3, 31, 40, 25, 4, 1, 6, 11, 1, 46, 55, 27, 30, 14, 10, 14, 36, 58, 36, 28, 17, 15, 7, 20, 9, 8, 63, 10, 7, 19, 48, 36, 56, 1, 12, 1, 1, 15, 31, 36, 24, 1, 53, 47, 31, 17, 25, 3, 30, 12, 7, 2, 18, 35, 18, 6, 14, 6, 3, 3, 35, 3, 8, 86, 7, 33, 14, 8, 33, 3, 11, 15, 48, 2, 54, 16, 4, 16, 3, 25, 1, 12, 31, 31, 52, 10, 33, 6, 61, 12, 18, 3, 5, 49, 28, 24, 7, 67, 38, 12, 1, 23, 63, 18, 7, 15, 7, 4, 7, 2, 3, 2, 22, 1, 31, 8, 13, 12, 14, 40, 3, 15, 23, 14, 13, 1, 13, 22, 4, 19, 4, 11, 3, 22, 12, 32, 38, 38, 12, 15, 10, 15, 26, 8, 2, 13, 23, 3, 1, 15, 6, 6, 12, 5, 26, 18, 6, 19, 29, 7, 3, 7, 11]"
67,84,7,162,0,13145至13227(81期),247,"[32, 5, 25, 8, 12, 81, 57, 9, 22, 14, 3, 7, 6, 53, 24, 29, 28, 6, 8, 31, 14, 3, 4, 10, 3, 16, 2, 9, 27, 1, 3, 25, 5, 47, 15, 10, 52, 1, 6, 12, 46, 5, 57, 8, 3, 9, 24, 21, 23, 1, 36, 80, 27, 8, 23, 22, 50, 24, 11, 74, 11, 24, 20, 13, 9, 18, 11, 27, 15, 20, 24, 14, 7, 12, 50, 9, 17, 32, 25, 5, 4, 9, 11, 7, 4, 20, 9, 19, 30, 12, 45, 8, 5, 11, 10, 7, 25, 1, 27, 84, 13, 9, 2, 19, 11, 41, 24, 3, 37, 13, 15, 3, 34, 60, 1, 21, 2, 50, 7, 31, 12, 13, 30, 2, 27, 7, 1, 24, 17, 13, 2, 27, 2, 6, 42, 12, 18, 4, 26, 3, 2, 5, 2, 1, 57, 2, 26, 1, 3, 13, 18, 4, 13, 24, 24, 19, 38, 26, 37, 37, 29, 13, 52, 20, 6, 45, 11, 29, 2, 23, 77, 52, 2, 65, 3, 5, 17, 35, 3, 18, 61, 11, 46, 1, 29, 17, 4, 10, 23, 15, 5, 40, 16, 8, 42, 49, 2, 4, 2, 7, 1, 17, 14, 9, 11, 24, 17, 65, 41, 5, 28, 19, 23, 3, 15, 11, 5, 30, 1, 16, 4, 8, 1, 13, 1, 4, 24, 39, 19, 1, 1, 10, 28]"
08,84,3,201,0,17155至17233(78期),252,"[9, 4, 15, 40, 8, 14, 10, 22, 17, 84, 7, 10, 17, 4, 36, 7, 8, 2, 24, 62, 2, 2, 1, 11, 32, 9, 5, 32, 2, 10, 2, 1, 41, 18, 14, 55, 44, 1, 5, 62, 40, 4, 6, 12, 12, 38, 21, 27, 5, 13, 15, 18, 1, 14, 34, 15, 29, 10, 3, 61, 5, 20, 4, 3, 18, 10, 17, 7, 22, 2, 5, 37, 5, 27, 18, 51, 7, 21, 29, 9, 61, 18, 78, 8, 36, 2, 3, 37, 40, 40, 9, 38, 64, 2, 4, 10, 30, 5, 1, 3, 1, 12, 47, 8, 18, 12, 3, 31, 22, 3, 2, 29, 55, 1, 24, 14, 24, 10, 20, 27, 10, 2, 51, 18, 14, 5, 18, 4, 19, 1, 3, 14, 2, 25, 33, 15, 17, 7, 4, 15, 16, 23, 7, 39, 1, 31, 21, 13, 3, 15, 1, 31, 39, 56, 2, 9, 8, 41, 28, 9, 57, 56, 11, 26, 6, 8, 15, 35, 16, 13, 16, 15, 18, 9, 5, 27, 23, 22, 19, 19, 35, 28, 10, 15, 19, 22, 12, 5, 14, 7, 2, 17, 33, 36, 14, 23, 8, 28, 2, 23, 9, 14, 3, 10, 24, 13, 25, 23, 38, 11, 21, 7, 44, 11, 32, 28, 41, 12, 2, 5, 6, 29, 2, 8, 18, 12, 16, 62, 69, 10, 7, 3, 31, 8, 14, 21, 6]"
19,80,71,4,0,21121至21199(78期),243,"[30, 16, 19, 21, 23, 7, 4, 19, 28, 40, 3, 1, 7, 11, 10, 26, 1, 22, 49, 8, 3, 41, 15, 4, 2, 9, 4, 23, 28, 22, 24, 4, 22, 20, 6, 24, 26, 43, 17, 7, 26, 20, 18, 20, 17, 1, 31, 30, 14, 5, 8, 2, 43, 25, 7, 18, 12, 5, 14, 57, 9, 8, 2, 8, 4, 8, 8, 8, 9, 9, 38, 9, 1, 16, 58, 8, 32, 19, 39, 12, 55, 41, 38, 13, 7, 10, 10, 36, 1, 2, 10, 6, 6, 8, 12, 18, 6, 49, 14, 14, 33, 10, 21, 4, 47, 66, 37, 46, 49, 30, 38, 30, 20, 15, 34, 5, 6, 11, 39, 36, 33, 44, 5, 9, 11, 10, 14, 5, 18, 2, 3, 5, 5, 28, 74, 4, 17, 24, 26, 14, 3, 13, 6, 30, 27, 16, 67, 3, 18, 7, 10, 5, 9, 2, 2, 78, 13, 22, 18, 12, 17, 28, 44, 19, 47, 1, 8, 24, 6, 2, 19, 6, 72, 5, 3, 3, 18, 3, 45, 22, 1, 22, 10, 1, 56, 36, 13, 8, 1, 15, 15, 17, 30, 27, 11, 12, 4, 11, 2, 80, 48, 27, 10, 14, 3, 2, 13, 24, 3, 20, 20, 20, 29, 8, 6, 19, 9, 8, 10, 1, 49, 47, 19, 1, 4, 41, 3, 19, 12, 7, 19, 8, 7, 4, 40, 21]"
89,72,38,18,0,24295至25006(63期),290,"[55, 10, 1, 12, 13, 10, 23, 5, 3, 3, 46, 36, 8, 5, 3, 1, 5, 11, 7, 15, 36, 23, 6, 24, 3, 3, 15, 49, 15, 11, 2, 17, 2, 4, 28, 7, 13, 19, 30, 20, 31, 36, 30, 19, 4, 28, 21, 6, 29, 8, 26, 3, 3, 9, 22, 10, 16, 6, 7, 2, 5, 25, 12, 20, 33, 7, 4, 30, 32, 4, 1, 16, 9, 43, 8, 26, 2, 13, 13, 15, 19, 2, 13, 30, 16, 2, 60, 40, 18, 21, 28, 16, 3, 4, 29, 5, 33, 34, 15, 9, 25, 17, 23, 38, 3, 10, 19, 7, 3, 3, 9, 10, 17, 40, 1, 1, 5, 23, 7, 3, 15, 26, 12, 42, 11, 3, 15, 12, 5, 3, 33, 1, 4, 3, 16, 6, 42, 25, 26, 4, 1, 13, 33, 9, 16, 18, 30, 12, 4, 41, 3, 36, 1, 3, 72, 35, 16, 8, 12, 10, 9, 47, 2, 38, 3, 5, 13, 10, 16, 7, 4, 24, 29, 9, 31, 14, 1, 3, 18, 13, 4, 18, 21, 1, 23, 15, 10, 4, 9, 15, 8, 11, 31, 10, 35, 27, 29, 10, 6, 44, 20, 18, 38, 22, 3, 8, 1, 22, 34, 16, 7, 31, 1, 26, 2, 4, 16, 27, 4, 8, 20, 30, 33, 27, 4, 5, 16, 6, 6, 5, 13, 3, 15, 34, 7, 26, 4, 15, 2, 50, 5, 26, 31, 9, 46, 6, 3, 52, 6, 7, 6, 6, 22, 25, 2, 12, 5, 63, 30, 14, 6, 3, 7, 5, 42, 5, 18, 26, 9, 24, 4, 5]"
